Date,Open,High,Low,Close,Adj Close,Volume,Company,Status
2023-02-10,,,,8.066999432555974,,,Vodafone Idea,Predicted
2023-02-10,,,,2430.859068624006,,,Reliance jio,Predicted
2023-02-10,,,,796.7207777658623,,,Bharti airtel limited ,Predicted
2023-02-09,,,,8.064580630225578,,,Vodafone Idea,Predicted
2023-02-09,,,,2431.0816708319107,,,Reliance jio,Predicted
2023-02-09,,,,796.9442538751755,,,Bharti airtel limited ,Predicted
2023-02-08,,,,8.062064450310913,,,Vodafone Idea,Predicted
2023-02-08,,,,2431.3202950742416,,,Reliance jio,Predicted
2023-02-08,,,,797.1749910472354,,,Bharti airtel limited ,Predicted
2023-02-07,,,,8.059447970694691,,,Vodafone Idea,Predicted
2023-02-07,,,,2431.5805079188503,,,Reliance jio,Predicted
2023-02-07,,,,797.4130774730875,,,Bharti airtel limited ,Predicted
2023-02-06,,,,2431.866726316315,,,Reliance jio,Predicted
2023-02-06,,,,797.6588267208936,,,Bharti airtel limited ,Predicted
2023-02-06,,,,8.056728111307336,,,Vodafone Idea,Predicted
2023-02-05,,,,797.9124543687649,,,Bharti airtel limited ,Predicted
2023-02-05,,,,8.053895710916265,,,Vodafone Idea,Predicted
2023-02-05,,,,2432.1794585184834,,,Reliance jio,Predicted
2023-02-04,,,,8.05094895307019,,,Vodafone Idea,Predicted
2023-02-04,,,,2432.520035661146,,,Reliance jio,Predicted
2023-02-04,,,,798.1743425778986,,,Bharti airtel limited ,Predicted
2023-02-03,,,,798.444687328396,,,Bharti airtel limited ,Predicted
2023-02-03,,,,2432.892681075129,,,Reliance jio,Predicted
2023-02-03,,,,8.047881835582245,,,Vodafone Idea,Predicted
2023-02-02,,,,798.7238511834439,,,Bharti airtel limited ,Predicted
2023-02-02,,,,8.044687566504138,,,Vodafone Idea,Predicted
2023-02-02,,,,2433.30565990357,,,Reliance jio,Predicted
2023-02-01,,,,2433.7617675316287,,,Reliance jio,Predicted
2023-02-01,,,,799.0121085151841,,,Bharti airtel limited ,Predicted
2023-02-01,,,,8.041357616412427,,,Vodafone Idea,Predicted
2023-01-31,,,,2434.2710963888458,,,Reliance jio,Predicted
2023-01-31,,,,799.3098120877985,,,Bharti airtel limited ,Predicted
2023-01-31,,,,8.037882903050672,,,Vodafone Idea,Predicted
2023-01-30,,,,2434.8389589171493,,,Reliance jio,Predicted
2023-01-30,,,,8.03425181692586,,,Vodafone Idea,Predicted
2023-01-30,,,,799.6172558714388,,,Bharti airtel limited ,Predicted
2023-01-29,,,,799.9349102183478,,,Bharti airtel limited ,Predicted
2023-01-29,,,,8.030452195711973,,,Vodafone Idea,Predicted
2023-01-29,,,,2435.4798886991266,,,Reliance jio,Predicted
2023-01-28,,,,800.2630299026569,,,Bharti airtel limited ,Predicted
2023-01-28,,,,8.026469428822566,,,Vodafone Idea,Predicted
2023-01-28,,,,2436.2043533025862,,,Reliance jio,Predicted
2023-01-27,,,,800.6020558795935,,,Bharti airtel limited ,Predicted
2023-01-27,,,,2437.029100836022,,,Reliance jio,Predicted
2023-01-27,,,,8.022291353931621,,,Vodafone Idea,Predicted
2023-01-26,,,,2437.971242444961,,,Reliance jio,Predicted
2023-01-26,,,,8.017907941068984,,,Vodafone Idea,Predicted
2023-01-26,,,,800.95236051135,,,Bharti airtel limited ,Predicted
2023-01-25,,,,8.01331800559251,,,Vodafone Idea,Predicted
2023-01-25,,,,2439.0541577143813,,,Reliance jio,Predicted
2023-01-25,,,,801.314080983997,,,Bharti airtel limited ,Predicted
2023-01-24,,,,8.008534025732786,,,Vodafone Idea,Predicted
2023-01-24,,,,2440.296083204616,,,Reliance jio,Predicted
2023-01-24,,,,801.6873838806205,,,Bharti airtel limited ,Predicted
2023-01-23,,,,2441.7268000536715,,,Reliance jio,Predicted
2023-01-23,,,,802.0723475932609,,,Bharti airtel limited ,Predicted
2023-01-23,,,,8.003591935634859,,,Vodafone Idea,Predicted
2023-01-22,,,,2443.3733303181,,,Reliance jio,Predicted
2023-01-22,,,,7.998562971779676,,,Vodafone Idea,Predicted
2023-01-22,,,,802.4689819209234,,,Bharti airtel limited ,Predicted
2023-01-21,,,,802.8769830944511,,,Bharti airtel limited ,Predicted
2023-01-21,,,,7.9935680466421095,,,Vodafone Idea,Predicted
2023-01-21,,,,2445.259985377932,,,Reliance jio,Predicted
2023-01-20,,,,2447.3985881392364,,,Reliance jio,Predicted
2023-01-20,,,,803.2961747317531,,,Bharti airtel limited ,Predicted
2023-01-20,,,,7.988793070062683,,,Vodafone Idea,Predicted
2023-01-19,,,,803.7262824606878,,,Bharti airtel limited ,Predicted
2023-01-19,,,,2449.791086900761,,,Reliance jio,Predicted
2023-01-19,,,,7.9845038757385955,,,Vodafone Idea,Predicted
2023-01-18,,,,7.981060673857882,,,Vodafone Idea,Predicted
2023-01-18,,,,2452.4069986529,,,Reliance jio,Predicted
2023-01-18,,,,804.1672572862299,,,Bharti airtel limited ,Predicted
2023-01-17,,,,804.6197263447029,,,Bharti airtel limited ,Predicted
2023-01-17,,,,7.978913628435406,,,Vodafone Idea,Predicted
2023-01-17,,,,2455.183566393738,,,Reliance jio,Predicted
2023-01-16,,,,805.0853652659716,,,Bharti airtel limited ,Predicted
2023-01-16,,,,2458.0169857340734,,,Reliance jio,Predicted
2023-01-16,,,,7.97858753594113,,,Vodafone Idea,Predicted
2023-01-15,,,,7.980630648759472,,,Vodafone Idea,Predicted
2023-01-15,,,,805.5676428978259,,,Bharti airtel limited ,Predicted
2023-01-15,,,,2460.7538977295844,,,Reliance jio,Predicted
2023-01-14,,,,7.985522194125905,,,Vodafone Idea,Predicted
2023-01-14,,,,2463.2010456659336,,,Reliance jio,Predicted
2023-01-14,,,,806.0724484423044,,,Bharti airtel limited ,Predicted
2023-01-13,,,,2465.1458713598186,,,Reliance jio,Predicted
2023-01-13,,,,806.6092673363019,,,Bharti airtel limited ,Predicted
2023-01-13,,,,7.993527137000057,,,Vodafone Idea,Predicted
2023-01-12,,,,2466.433031264467,,,Reliance jio,Predicted
2023-01-12,,,,807.1913478346542,,,Bharti airtel limited ,Predicted
2023-01-12,,,,8.00448910461887,,,Vodafone Idea,Predicted
2023-01-11,,,,2467.051573762692,,,Reliance jio,Predicted
2023-01-11,,,,807.8357402061592,,,Bharti airtel limited ,Predicted
2023-01-11,,,,8.017584533763568,,,Vodafone Idea,Predicted
2023-01-10,7.400000095367432,7.5,7.150000095367432,7.25,7.25,109039325.0,Vodafone Idea,Actual
2023-01-10,826.0999755859375,826.0999755859375,790.2999877929688,792.8499755859375,792.8499755859375,8392344.0,Bharti airtel limited ,Actual
2023-01-10,2606.0,2606.0,2546.0,2558.39990234375,2558.39990234375,3713755.0,Reliance jio,Actual
2023-01-09,7.800000190734863,7.849999904632568,7.349999904632568,7.449999809265137,7.449999809265137,224378162.0,Vodafone Idea,Actual
2023-01-09,2545.300048828125,2602.0,2543.35009765625,2596.800048828125,2596.800048828125,4948549.0,Reliance jio,Actual
2023-01-09,802.7000122070312,821.5,801.0499877929688,819.4000244140625,819.4000244140625,4340729.0,Bharti airtel limited ,Actual
2023-01-06,807.5499877929688,812.25,792.0,796.0,796.0,3199618.0,Bharti airtel limited ,Actual
2023-01-06,7.900000095367432,7.900000095367432,7.699999809265137,7.800000190734863,7.800000190734863,96073516.0,Vodafone Idea,Actual
2023-01-06,2526.64990234375,2547.949951171875,2518.300048828125,2536.89990234375,2536.89990234375,2930338.0,Reliance jio,Actual
2023-01-05,2523.5,2536.39990234375,2504.0,2514.050048828125,2514.050048828125,6293519.0,Reliance jio,Actual
2023-01-05,825.0,825.0,803.75,807.0999755859375,807.0999755859375,5297349.0,Bharti airtel limited ,Actual
2023-01-05,7.849999904632568,7.949999809265137,7.699999809265137,7.900000095367432,7.900000095367432,97595157.0,Vodafone Idea,Actual
2023-01-04,2557.0,2561.050048828125,2514.0,2518.550048828125,2518.550048828125,4275746.0,Reliance jio,Actual
2023-01-04,818.9500122070312,820.4500122070312,806.2000122070312,811.7999877929688,811.7999877929688,2970216.0,Bharti airtel limited ,Actual
2023-01-04,7.949999809265137,8.0,7.699999809265137,7.800000190734863,7.800000190734863,127150341.0,Vodafone Idea,Actual
2023-01-03,810.3499755859375,818.7999877929688,808.5,817.5999755859375,817.5999755859375,1717603.0,Bharti airtel limited ,Actual
2023-01-03,2565.050048828125,2573.0,2547.800048828125,2557.050048828125,2557.050048828125,3534596.0,Reliance jio,Actual
2023-01-03,8.050000190734863,8.149999618530273,7.900000095367432,7.949999809265137,7.949999809265137,108858208.0,Vodafone Idea,Actual
2023-01-02,806.25,816.2000122070312,805.5999755859375,813.5,813.5,1626846.0,Bharti airtel limited ,Actual
2023-01-02,7.900000095367432,8.100000381469727,7.849999904632568,8.0,8.0,48081381.0,Vodafone Idea,Actual
2023-01-02,2550.0,2579.0,2548.199951171875,2575.89990234375,2575.89990234375,2453414.0,Reliance jio,Actual
2022-12-30,8.0,8.050000190734863,7.849999904632568,7.900000095367432,7.900000095367432,152322656.0,Vodafone Idea,Actual
2022-12-30,824.7000122070312,824.7999877929688,804.9500122070312,806.0999755859375,806.0999755859375,3113243.0,Bharti airtel limited ,Actual
2022-12-30,2545.10009765625,2577.0,2541.10009765625,2547.199951171875,2547.199951171875,3364092.0,Reliance jio,Actual
2022-12-29,2527.0,2548.89990234375,2525.5,2543.300048828125,2543.300048828125,3198493.0,Reliance jio,Actual
2022-12-29,807.0499877929688,824.75,760.0999755859375,820.75,820.75,6110313.0,Bharti airtel limited ,Actual
2022-12-29,7.949999809265137,8.0,7.800000190734863,7.900000095367432,7.900000095367432,90189533.0,Vodafone Idea,Actual
2022-12-28,7.900000095367432,8.100000381469727,7.849999904632568,7.949999809265137,7.949999809265137,101478935.0,Vodafone Idea,Actual
2022-12-28,813.0,813.9000244140625,801.4500122070312,803.7999877929688,803.7999877929688,2907741.0,Bharti airtel limited ,Actual
2022-12-28,2538.0,2549.800048828125,2521.5,2544.449951171875,2544.449951171875,3442509.0,Reliance jio,Actual
2022-12-27,815.0,819.4500122070312,805.0,814.7999877929688,814.7999877929688,1782053.0,Bharti airtel limited ,Actual
2022-12-27,2530.0,2548.800048828125,2515.25,2544.699951171875,2544.699951171875,2659749.0,Reliance jio,Actual
2022-12-27,7.849999904632568,8.0,7.849999904632568,7.900000095367432,7.900000095367432,69297538.0,Vodafone Idea,Actual
2022-12-26,805.0499877929688,815.2000122070312,801.1500244140625,811.0,811.0,6023206.0,Bharti airtel limited ,Actual
2022-12-26,2514.75,2542.0,2492.39990234375,2524.050048828125,2524.050048828125,2764496.0,Reliance jio,Actual
2022-12-26,7.699999809265137,7.949999809265137,7.599999904632568,7.849999904632568,7.849999904632568,93261358.0,Vodafone Idea,Actual
2022-12-23,814.0,817.9500122070312,805.0,808.6500244140625,808.6500244140625,2804496.0,Bharti airtel limited ,Actual
2022-12-23,2563.300048828125,2590.5,2492.25,2502.199951171875,2502.199951171875,4733657.0,Reliance jio,Actual
2022-12-23,7.949999809265137,8.0,7.599999904632568,7.650000095367432,7.650000095367432,87185371.0,Vodafone Idea,Actual
2022-12-22,2598.0,2604.64990234375,2566.75,2577.800048828125,2577.800048828125,3438692.0,Reliance jio,Actual
2022-12-22,819.0,824.7000122070312,809.5,816.5999755859375,816.5999755859375,3626834.0,Bharti airtel limited ,Actual
2022-12-22,8.050000190734863,8.100000381469727,7.849999904632568,8.0,8.0,84371385.0,Vodafone Idea,Actual
2022-12-21,833.0,833.0499877929688,812.3499755859375,814.0,814.0,5079337.0,Bharti airtel limited ,Actual
2022-12-21,8.300000190734863,8.300000190734863,7.949999809265137,8.0,8.0,69210822.0,Vodafone Idea,Actual
2022-12-21,2621.0,2633.0,2576.10009765625,2584.5,2584.5,3935463.0,Reliance jio,Actual
2022-12-20,2583.89990234375,2626.0,2566.0,2621.800048828125,2621.800048828125,3446291.0,Reliance jio,Actual
2022-12-20,839.75,839.75,822.0,828.9500122070312,828.9500122070312,2828863.0,Bharti airtel limited ,Actual
2022-12-20,8.350000381469727,8.399999618530273,8.100000381469727,8.25,8.25,134972654.0,Vodafone Idea,Actual
2022-12-19,8.350000381469727,8.449999809265137,8.25,8.350000381469727,8.350000381469727,70978218.0,Vodafone Idea,Actual
2022-12-19,2581.0,2604.0,2566.699951171875,2599.300048828125,2599.300048828125,3567363.0,Reliance jio,Actual
2022-12-19,822.7000122070312,845.0499877929688,822.0,840.4000244140625,840.4000244140625,6397169.0,Bharti airtel limited ,Actual
2022-12-16,825.0,832.7000122070312,819.9000244140625,822.75,822.75,4309644.0,Bharti airtel limited ,Actual
2022-12-16,2571.0,2618.800048828125,2558.14990234375,2565.60009765625,2565.60009765625,7308934.0,Reliance jio,Actual
2022-12-16,8.350000381469727,8.649999618530273,8.25,8.300000190734863,8.300000190734863,126725344.0,Vodafone Idea,Actual
2022-12-15,829.0,831.0,824.3499755859375,826.3499755859375,826.3499755859375,2996482.0,Bharti airtel limited ,Actual
2022-12-15,2602.5,2615.0,2571.0,2578.35009765625,2578.35009765625,4009765.0,Reliance jio,Actual
2022-12-15,8.649999618530273,8.75,8.25,8.399999618530273,8.399999618530273,166791398.0,Vodafone Idea,Actual
2022-12-14,2637.64990234375,2638.949951171875,2611.0,2615.5,2615.5,3354618.0,Reliance jio,Actual
2022-12-14,840.6500244140625,842.0,828.1500244140625,829.2000122070312,829.2000122070312,7491333.0,Bharti airtel limited ,Actual
2022-12-14,7.949999809265137,8.949999809265137,7.75,8.649999618530273,8.649999618530273,515723820.0,Vodafone Idea,Actual
2022-12-13,2613.10009765625,2633.0,2606.699951171875,2625.0,2625.0,3845839.0,Reliance jio,Actual
2022-12-13,7.949999809265137,8.0,7.849999904632568,7.900000095367432,7.900000095367432,67357811.0,Vodafone Idea,Actual
2022-12-13,822.0,840.0,822.0,838.0499877929688,838.0499877929688,3832999.0,Bharti airtel limited ,Actual
2022-12-12,2585.5,2623.0,2585.0,2613.10009765625,2613.10009765625,4374946.0,Reliance jio,Actual
2022-12-12,7.949999809265137,8.0,7.900000095367432,7.949999809265137,7.949999809265137,47484633.0,Vodafone Idea,Actual
2022-12-12,832.5999755859375,836.9500122070312,825.4000244140625,828.4000244140625,828.4000244140625,3149823.0,Bharti airtel limited ,Actual
2022-12-09,2646.0,2660.0,2601.85009765625,2609.10009765625,2609.10009765625,5840633.0,Reliance jio,Actual
2022-12-09,8.050000190734863,8.050000190734863,7.900000095367432,7.949999809265137,7.949999809265137,64742478.0,Vodafone Idea,Actual
2022-12-09,830.2999877929688,836.5999755859375,823.9500122070312,834.9000244140625,834.9000244140625,4615843.0,Bharti airtel limited ,Actual
2022-12-08,2660.0,2665.0,2640.10009765625,2649.25,2649.25,3579858.0,Reliance jio,Actual
2022-12-08,8.050000190734863,8.050000190734863,8.0,8.0,8.0,26523509.0,Vodafone Idea,Actual
2022-12-08,833.0,840.2000122070312,826.2999877929688,832.5999755859375,832.5999755859375,4822179.0,Bharti airtel limited ,Actual
2022-12-07,837.5499877929688,841.5999755859375,832.0,834.0,834.0,3771882.0,Bharti airtel limited ,Actual
2022-12-07,2685.0,2695.0,2642.14990234375,2650.5,2650.5,3905263.0,Reliance jio,Actual
2022-12-07,8.100000381469727,8.100000381469727,7.900000095367432,8.0,8.0,73626545.0,Vodafone Idea,Actual
2022-12-06,2665.10009765625,2697.0,2661.0,2690.199951171875,2690.199951171875,3966243.0,Reliance jio,Actual
2022-12-06,8.149999618530273,8.199999809265137,7.900000095367432,8.050000190734863,8.050000190734863,118700470.0,Vodafone Idea,Actual
2022-12-06,844.9000244140625,845.0,829.7000122070312,833.3499755859375,833.3499755859375,5567349.0,Bharti airtel limited ,Actual
2022-12-05,851.0,851.5999755859375,840.8499755859375,844.0999755859375,844.0999755859375,3311316.0,Bharti airtel limited ,Actual
2022-12-05,8.350000381469727,8.350000381469727,8.149999618530273,8.149999618530273,8.149999618530273,54867545.0,Vodafone Idea,Actual
2022-12-05,2712.0,2716.75,2678.0,2682.449951171875,2682.449951171875,6843367.0,Reliance jio,Actual
2022-12-02,8.149999618530273,8.350000381469727,8.149999618530273,8.300000190734863,8.300000190734863,50332214.0,Vodafone Idea,Actual
2022-12-02,2730.0,2748.0,2700.60009765625,2722.14990234375,2722.14990234375,5348595.0,Reliance jio,Actual
2022-12-02,851.4000244140625,851.9500122070312,839.0999755859375,848.6500244140625,848.6500244140625,3505272.0,Bharti airtel limited ,Actual
2022-12-01,2741.800048828125,2755.0,2716.0,2723.300048828125,2723.300048828125,4377696.0,Reliance jio,Actual
2022-12-01,8.300000190734863,8.300000190734863,8.100000381469727,8.149999618530273,8.149999618530273,58794481.0,Vodafone Idea,Actual
2022-12-01,853.0,853.2000122070312,841.5999755859375,848.5999755859375,848.5999755859375,4506664.0,Bharti airtel limited ,Actual
2022-11-30,2712.5,2745.449951171875,2698.199951171875,2731.35009765625,2731.35009765625,12075137.0,Reliance jio,Actual
2022-11-30,8.050000190734863,8.300000190734863,8.0,8.25,8.25,75150800.0,Vodafone Idea,Actual
2022-11-30,834.7999877929688,852.0,832.5999755859375,848.75,848.75,6874390.0,Bharti airtel limited ,Actual
2022-11-29,8.100000381469727,8.149999618530273,8.0,8.050000190734863,8.050000190734863,57370817.0,Vodafone Idea,Actual
2022-11-29,839.0,844.7999877929688,835.0,835.8499755859375,835.8499755859375,2680296.0,Bharti airtel limited ,Actual
2022-11-29,2703.949951171875,2731.64990234375,2694.0,2712.199951171875,2712.199951171875,5103687.0,Reliance jio,Actual
2022-11-28,2608.89990234375,2721.050048828125,2502.0,2707.550048828125,2707.550048828125,14549929.0,Reliance jio,Actual
2022-11-28,840.25,852.5499877929688,836.0499877929688,837.4000244140625,837.4000244140625,3668846.0,Bharti airtel limited ,Actual
2022-11-28,8.100000381469727,8.149999618530273,8.0,8.050000190734863,8.050000190734863,47234426.0,Vodafone Idea,Actual
2022-11-25,852.0,860.0,841.5999755859375,846.8499755859375,846.8499755859375,2991065.0,Bharti airtel limited ,Actual
2022-11-25,2589.0,2624.89990234375,2582.10009765625,2617.60009765625,2617.60009765625,3391988.0,Reliance jio,Actual
2022-11-25,8.050000190734863,8.100000381469727,7.949999809265137,8.050000190734863,8.050000190734863,76771472.0,Vodafone Idea,Actual
2022-11-24,8.300000190734863,8.350000381469727,8.0,8.050000190734863,8.050000190734863,110160151.0,Vodafone Idea,Actual
2022-11-24,2566.0,2594.0,2548.199951171875,2579.10009765625,2579.10009765625,4333225.0,Reliance jio,Actual
2022-11-24,846.0,851.0,837.75,848.3499755859375,848.3499755859375,3455310.0,Bharti airtel limited ,Actual
2022-11-23,2575.0,2577.89990234375,2552.25,2557.050048828125,2557.050048828125,2959787.0,Reliance jio,Actual
2022-11-23,8.350000381469727,8.399999618530273,8.149999618530273,8.25,8.25,74736942.0,Vodafone Idea,Actual
2022-11-23,851.8499755859375,851.8499755859375,841.5999755859375,843.25,843.25,4596816.0,Bharti airtel limited ,Actual
2022-11-22,8.449999809265137,8.5,8.300000190734863,8.350000381469727,8.350000381469727,57836622.0,Vodafone Idea,Actual
2022-11-22,853.4000244140625,860.5499877929688,845.0999755859375,847.5999755859375,847.5999755859375,7601660.0,Bharti airtel limited ,Actual
2022-11-22,2545.0,2568.5,2536.5,2565.050048828125,2565.050048828125,3051201.0,Reliance jio,Actual
2022-11-21,8.399999618530273,8.5,8.300000190734863,8.399999618530273,8.399999618530273,60319068.0,Vodafone Idea,Actual
2022-11-21,2588.0,2588.0,2543.10009765625,2550.89990234375,2550.89990234375,2949108.0,Reliance jio,Actual
2022-11-21,837.0,852.7999877929688,835.0,851.2000122070312,851.2000122070312,5527122.0,Bharti airtel limited ,Actual
2022-11-18,849.9500122070312,851.8499755859375,831.0999755859375,837.2999877929688,837.2999877929688,7405949.0,Bharti airtel limited ,Actual
2022-11-18,2606.75,2609.0,2571.10009765625,2597.64990234375,2597.64990234375,2447425.0,Reliance jio,Actual
2022-11-18,8.350000381469727,8.399999618530273,8.300000190734863,8.350000381469727,8.350000381469727,54369157.0,Vodafone Idea,Actual
2022-11-17,8.449999809265137,8.5,8.300000190734863,8.350000381469727,8.350000381469727,45772691.0,Vodafone Idea,Actual
2022-11-17,841.7999877929688,849.4000244140625,838.4000244140625,846.1500244140625,846.1500244140625,4545534.0,Bharti airtel limited ,Actual
2022-11-17,2584.949951171875,2613.0,2580.0,2599.050048828125,2599.050048828125,3074259.0,Reliance jio,Actual
2022-11-16,8.5,8.550000190734863,8.300000190734863,8.399999618530273,8.399999618530273,64996046.0,Vodafone Idea,Actual
2022-11-16,2610.0,2615.949951171875,2581.35009765625,2592.35009765625,2592.35009765625,4484007.0,Reliance jio,Actual
2022-11-16,837.5,844.0499877929688,828.0499877929688,841.2000122070312,841.2000122070312,3445345.0,Bharti airtel limited ,Actual
2022-11-15,822.6500244140625,838.75,822.6500244140625,835.25,835.25,6229710.0,Bharti airtel limited ,Actual
2022-11-15,2622.300048828125,2626.39990234375,2590.0,2607.300048828125,2607.300048828125,3270388.0,Reliance jio,Actual
2022-11-15,8.550000190734863,8.550000190734863,8.399999618530273,8.449999809265137,8.449999809265137,49123547.0,Vodafone Idea,Actual
2022-11-14,818.0,830.7999877929688,817.0,821.9000244140625,821.9000244140625,10406576.0,Bharti airtel limited ,Actual
2022-11-14,8.550000190734863,8.649999618530273,8.25,8.5,8.5,98580473.0,Vodafone Idea,Actual
2022-11-14,2630.75,2642.0,2605.14990234375,2619.050048828125,2619.050048828125,4173395.0,Reliance jio,Actual
2022-11-11,830.75,836.9000244140625,823.7999877929688,826.9000244140625,826.9000244140625,4325441.0,Bharti airtel limited ,Actual
2022-11-11,2600.0,2636.0,2588.0,2631.800048828125,2631.800048828125,5681124.0,Reliance jio,Actual
2022-11-11,8.699999809265137,8.75,8.399999618530273,8.5,8.5,93250736.0,Vodafone Idea,Actual
2022-11-10,2590.0,2596.550048828125,2563.0,2572.5,2572.5,2753420.0,Reliance jio,Actual
2022-11-10,8.5,8.75,8.449999809265137,8.649999618530273,8.649999618530273,124169423.0,Vodafone Idea,Actual
2022-11-10,819.7999877929688,830.7000122070312,817.5499877929688,825.75,825.75,4425290.0,Bharti airtel limited ,Actual
2022-11-09,824.2000122070312,825.5,814.4500122070312,819.0499877929688,819.0499877929688,3969171.0,Bharti airtel limited ,Actual
2022-11-09,8.399999618530273,8.699999809265137,8.300000190734863,8.5,8.5,122752329.0,Vodafone Idea,Actual
2022-11-09,2610.300048828125,2621.949951171875,2590.050048828125,2604.0,2604.0,5193814.0,Reliance jio,Actual
2022-11-07,2591.0,2610.300048828125,2574.0,2606.60009765625,2606.60009765625,5440967.0,Reliance jio,Actual
2022-11-07,817.0,824.0499877929688,809.0,822.7000122070312,822.7000122070312,7171570.0,Bharti airtel limited ,Actual
2022-11-07,8.449999809265137,8.550000190734863,8.25,8.350000381469727,8.350000381469727,67831806.0,Vodafone Idea,Actual
2022-11-04,2553.89990234375,2600.0,2551.10009765625,2592.75,2592.75,5803737.0,Reliance jio,Actual
2022-11-04,815.7000122070312,821.7999877929688,809.2000122070312,816.4000244140625,816.4000244140625,3768226.0,Bharti airtel limited ,Actual
2022-11-04,8.5,8.550000190734863,8.300000190734863,8.399999618530273,8.399999618530273,99003627.0,Vodafone Idea,Actual
2022-11-03,8.550000190734863,8.649999618530273,8.5,8.550000190734863,8.550000190734863,25842530.0,Vodafone Idea,Actual
2022-11-03,809.75,824.4000244140625,804.2000122070312,818.6500244140625,818.6500244140625,5897840.0,Bharti airtel limited ,Actual
2022-11-03,2529.85009765625,2559.550048828125,2525.050048828125,2555.14990234375,2555.14990234375,3089026.0,Reliance jio,Actual
2022-11-02,830.0,830.0,807.25,809.8499755859375,809.8499755859375,11729925.0,Bharti airtel limited ,Actual
2022-11-02,2532.300048828125,2550.199951171875,2515.0,2545.64990234375,2545.64990234375,4145144.0,Reliance jio,Actual
2022-11-02,8.649999618530273,8.649999618530273,8.550000190734863,8.550000190734863,8.550000190734863,26627766.0,Vodafone Idea,Actual
2022-11-01,8.600000381469727,8.699999809265137,8.550000190734863,8.649999618530273,8.649999618530273,40710403.0,Vodafone Idea,Actual
2022-11-01,828.0,841.4500122070312,821.0499877929688,835.5499877929688,835.5499877929688,10488759.0,Bharti airtel limited ,Actual
2022-11-01,2600.0,2600.0,2508.0,2529.85009765625,2529.85009765625,6443999.0,Reliance jio,Actual
2022-10-31,2541.0,2560.949951171875,2532.199951171875,2549.60009765625,2549.60009765625,5731802.0,Reliance jio,Actual
2022-10-31,823.0,833.7999877929688,820.0,832.0,832.0,5487233.0,Bharti airtel limited ,Actual
2022-10-31,8.600000381469727,8.649999618530273,8.550000190734863,8.550000190734863,8.550000190734863,34994151.0,Vodafone Idea,Actual
2022-10-28,8.699999809265137,8.800000190734863,8.5,8.550000190734863,8.550000190734863,51348010.0,Vodafone Idea,Actual
2022-10-28,2465.0,2535.0,2459.449951171875,2526.14990234375,2526.14990234375,8126824.0,Reliance jio,Actual
2022-10-28,819.0,824.4000244140625,811.2999877929688,816.8499755859375,816.8499755859375,3905093.0,Bharti airtel limited ,Actual
2022-10-27,8.649999618530273,8.75,8.550000190734863,8.600000381469727,8.600000381469727,56715467.0,Vodafone Idea,Actual
2022-10-27,806.5,822.2000122070312,804.2000122070312,817.0999755859375,817.0999755859375,8159181.0,Bharti airtel limited ,Actual
2022-10-27,2458.0,2468.449951171875,2432.800048828125,2451.14990234375,2451.14990234375,5774775.0,Reliance jio,Actual
2022-10-25,2499.0,2499.0,2438.0,2441.550048828125,2441.550048828125,5645639.0,Reliance jio,Actual
2022-10-25,8.699999809265137,8.800000190734863,8.550000190734863,8.600000381469727,8.600000381469727,60611327.0,Vodafone Idea,Actual
2022-10-25,806.1500244140625,806.3499755859375,798.7000122070312,802.2999877929688,802.2999877929688,3184277.0,Bharti airtel limited ,Actual
2022-10-24,2460.0,2502.5,2455.300048828125,2479.85009765625,2479.85009765625,1555270.0,Reliance jio,Actual
2022-10-24,8.800000190734863,8.800000190734863,8.649999618530273,8.699999809265137,8.699999809265137,20707092.0,Vodafone Idea,Actual
2022-10-24,800.0,807.5,800.0,802.0999755859375,802.0999755859375,522406.0,Bharti airtel limited ,Actual
2022-10-21,8.850000381469727,8.850000381469727,8.550000190734863,8.699999809265137,8.699999809265137,86075937.0,Vodafone Idea,Actual
2022-10-21,2507.699951171875,2516.800048828125,2467.0,2471.60009765625,2471.60009765625,3804352.0,Reliance jio,Actual
2022-10-21,790.0,802.8499755859375,789.75,797.4500122070312,797.4500122070312,4807736.0,Bharti airtel limited ,Actual
2022-10-20,782.0,794.0,778.2999877929688,792.9000244140625,792.9000244140625,4756732.0,Bharti airtel limited ,Actual
2022-10-20,2485.0,2519.0,2485.0,2500.60009765625,2500.60009765625,4022919.0,Reliance jio,Actual
2022-10-20,8.5,8.699999809265137,8.449999809265137,8.550000190734863,8.550000190734863,68397571.0,Vodafone Idea,Actual
2022-10-19,787.9500122070312,788.6500244140625,779.5,783.4000244140625,783.4000244140625,5219180.0,Bharti airtel limited ,Actual
2022-10-19,8.5,8.600000381469727,8.449999809265137,8.5,8.5,40387046.0,Vodafone Idea,Actual
2022-10-19,2454.5,2527.85009765625,2441.699951171875,2493.89990234375,2493.89990234375,8882553.0,Reliance jio,Actual
2022-10-18,8.449999809265137,8.600000381469727,8.399999618530273,8.449999809265137,8.449999809265137,57318958.0,Vodafone Idea,Actual
2022-10-18,769.8499755859375,785.5999755859375,768.6500244140625,783.1500244140625,783.1500244140625,4391263.0,Bharti airtel limited ,Actual
2022-10-18,2422.0,2463.0,2420.14990234375,2451.25,2451.25,5729899.0,Reliance jio,Actual
2022-10-17,8.5,8.550000190734863,8.350000381469727,8.399999618530273,8.399999618530273,41261207.0,Vodafone Idea,Actual
2022-10-17,761.0,771.0,759.8499755859375,766.0,766.0,4566333.0,Bharti airtel limited ,Actual
2022-10-17,2355.0,2414.0,2343.60009765625,2408.75,2408.75,7720595.0,Reliance jio,Actual
2022-10-14,2415.0,2416.35009765625,2369.10009765625,2370.699951171875,2370.699951171875,4202459.0,Reliance jio,Actual
2022-10-14,8.75,8.75,8.449999809265137,8.5,8.5,52104162.0,Vodafone Idea,Actual
2022-10-14,779.9500122070312,779.9500122070312,763.0499877929688,765.9500122070312,765.9500122070312,3608210.0,Bharti airtel limited ,Actual
2022-10-13,8.649999618530273,8.699999809265137,8.449999809265137,8.600000381469727,8.600000381469727,84845696.0,Vodafone Idea,Actual
2022-10-13,775.0,779.0,767.6500244140625,768.9000244140625,768.9000244140625,2842056.0,Bharti airtel limited ,Actual
2022-10-13,2371.39990234375,2394.0,2360.10009765625,2382.800048828125,2382.800048828125,3382098.0,Reliance jio,Actual
2022-10-12,8.699999809265137,8.75,8.550000190734863,8.649999618530273,8.649999618530273,65239891.0,Vodafone Idea,Actual
2022-10-12,2352.0,2381.699951171875,2343.10009765625,2375.25,2375.25,3422992.0,Reliance jio,Actual
2022-10-12,780.2999877929688,781.3499755859375,769.2000122070312,775.5499877929688,775.5499877929688,5984299.0,Bharti airtel limited ,Actual
2022-10-11,8.899999618530273,8.949999809265137,8.550000190734863,8.649999618530273,8.649999618530273,125773464.0,Vodafone Idea,Actual
2022-10-11,797.5,797.5,776.0,780.2999877929688,780.2999877929688,3699862.0,Bharti airtel limited ,Actual
2022-10-11,2414.0,2414.0,2351.10009765625,2357.89990234375,2357.89990234375,4252803.0,Reliance jio,Actual
2022-10-10,2405.0,2417.60009765625,2388.0,2405.800048828125,2405.800048828125,2921076.0,Reliance jio,Actual
2022-10-10,8.949999809265137,9.050000190734863,8.800000190734863,8.850000381469727,8.850000381469727,79255978.0,Vodafone Idea,Actual
2022-10-10,784.9500122070312,794.7999877929688,779.7000122070312,792.3499755859375,792.3499755859375,3519416.0,Bharti airtel limited ,Actual
2022-10-07,792.0,796.7999877929688,784.7000122070312,793.0999755859375,793.0999755859375,6025982.0,Bharti airtel limited ,Actual
2022-10-07,9.0,9.199999809265137,8.949999809265137,9.100000381469728,9.100000381469728,120002040.0,Vodafone Idea,Actual
2022-10-07,2414.64990234375,2443.89990234375,2414.64990234375,2432.35009765625,2432.35009765625,3560167.0,Reliance jio,Actual
2022-10-06,2429.0,2450.0,2418.14990234375,2422.10009765625,2422.10009765625,6162021.0,Reliance jio,Actual
2022-10-06,9.050000190734863,9.149999618530272,8.899999618530273,9.0,9.0,67880130.0,Vodafone Idea,Actual
2022-10-06,810.5499877929688,815.8499755859375,786.6500244140625,788.5999755859375,788.5999755859375,6503205.0,Bharti airtel limited ,Actual
2022-10-04,2397.800048828125,2418.0,2390.14990234375,2413.199951171875,2413.199951171875,4129893.0,Reliance jio,Actual
2022-10-04,9.0,9.149999618530272,8.899999618530273,9.0,9.0,108423095.0,Vodafone Idea,Actual
2022-10-04,813.0,816.75,807.5,808.7000122070312,808.7000122070312,5772140.0,Bharti airtel limited ,Actual
2022-10-03,8.850000381469727,9.199999809265137,8.800000190734863,8.850000381469727,8.850000381469727,190181511.0,Vodafone Idea,Actual
2022-10-03,803.4000244140625,815.5499877929688,798.0499877929688,803.3499755859375,803.3499755859375,12619046.0,Bharti airtel limited ,Actual
2022-10-03,2391.5,2416.949951171875,2363.0,2369.5,2369.5,5470030.0,Reliance jio,Actual
2022-09-30,2311.0,2402.0,2311.0,2377.75,2377.75,8589908.0,Reliance jio,Actual
2022-09-30,765.9500122070312,809.0,761.4500122070312,799.9000244140625,799.9000244140625,7469164.0,Bharti airtel limited ,Actual
2022-09-30,8.5,9.050000190734863,8.5,8.800000190734863,8.800000190734863,223318668.0,Vodafone Idea,Actual
2022-09-29,763.9500122070312,769.0,759.2999877929688,764.6500244140625,764.6500244140625,5413233.0,Bharti airtel limited ,Actual
2022-09-29,9.050000190734863,9.199999809265137,8.399999618530273,8.5,8.5,171641115.0,Vodafone Idea,Actual
2022-09-29,2360.0,2367.5,2313.0,2325.300048828125,2325.300048828125,6771046.0,Reliance jio,Actual
2022-09-28,755.5,771.0,755.0,761.4500122070312,761.4500122070312,5546932.0,Bharti airtel limited ,Actual
2022-09-28,9.0,9.350000381469728,8.949999809265137,9.0,9.0,115098132.0,Vodafone Idea,Actual
2022-09-28,2360.35009765625,2378.0,2327.10009765625,2332.449951171875,2332.449951171875,7844140.0,Reliance jio,Actual
2022-09-27,758.8499755859375,765.0,757.2000122070312,760.5999755859375,760.5999755859375,5965026.0,Bharti airtel limited ,Actual
2022-09-27,9.050000190734863,9.25,9.0,9.149999618530272,9.149999618530272,83587559.0,Vodafone Idea,Actual
2022-09-27,2394.0,2426.0,2360.10009765625,2396.25,2396.25,7455448.0,Reliance jio,Actual
2022-09-26,2394.050048828125,2417.800048828125,2375.14990234375,2377.35009765625,2377.35009765625,5759298.0,Reliance jio,Actual
2022-09-26,8.899999618530273,9.149999618530272,8.699999809265137,9.0,9.0,134224433.0,Vodafone Idea,Actual
2022-09-26,769.9500122070312,771.1500244140625,753.2000122070312,755.0499877929688,755.0499877929688,13144297.0,Bharti airtel limited ,Actual
2022-09-23,9.149999618530272,9.199999809265137,8.899999618530273,8.949999809265137,8.949999809265137,81348132.0,Vodafone Idea,Actual
2022-09-23,2485.0,2495.949951171875,2436.10009765625,2439.5,2439.5,4397194.0,Reliance jio,Actual
2022-09-23,788.0,788.0,768.7000122070312,771.3499755859375,771.3499755859375,9271829.0,Bharti airtel limited ,Actual
2022-09-22,791.2000122070312,794.7999877929688,776.3499755859375,784.0999755859375,784.0999755859375,7721133.0,Bharti airtel limited ,Actual
2022-09-22,9.199999809265137,9.300000190734863,9.0,9.100000381469728,9.100000381469728,102095299.0,Vodafone Idea,Actual
2022-09-22,2486.0,2503.0,2472.10009765625,2486.10009765625,2486.10009765625,4757219.0,Reliance jio,Actual
2022-09-21,2496.75,2533.0,2495.0,2509.75,2509.75,4249172.0,Reliance jio,Actual
2022-09-21,792.1500244140625,797.0,779.0,780.2000122070312,780.2000122070312,9966193.0,Bharti airtel limited ,Actual
2022-09-21,9.149999618530272,9.350000381469728,9.050000190734863,9.199999809265137,9.199999809265137,105103028.0,Vodafone Idea,Actual
2022-09-20,786.7000122070312,796.9500122070312,785.0,792.1500244140625,792.1500244140625,7936714.0,Bharti airtel limited ,Actual
2022-09-20,2522.449951171875,2537.699951171875,2494.699951171875,2502.85009765625,2502.85009765625,3881882.0,Reliance jio,Actual
2022-09-20,9.149999618530272,9.300000190734863,9.100000381469728,9.149999618530272,9.149999618530272,61392686.0,Vodafone Idea,Actual
2022-09-19,2499.199951171875,2522.699951171875,2481.35009765625,2502.449951171875,2502.449951171875,3498286.0,Reliance jio,Actual
2022-09-19,9.25,9.300000190734863,9.050000190734863,9.100000381469728,9.100000381469728,108056923.0,Vodafone Idea,Actual
2022-09-19,773.5,786.0,772.2000122070312,782.75,782.75,5760313.0,Bharti airtel limited ,Actual
2022-09-16,2543.75,2553.0,2491.0,2499.199951171875,2499.199951171875,9330469.0,Reliance jio,Actual
2022-09-16,788.0,788.0,776.4500122070312,779.6500244140625,779.6500244140625,20211162.0,Bharti airtel limited ,Actual
2022-09-16,9.550000190734863,9.649999618530272,9.100000381469728,9.199999809265137,9.199999809265137,195307564.0,Vodafone Idea,Actual
2022-09-15,9.800000190734863,9.949999809265137,9.600000381469728,9.649999618530272,9.649999618530272,78110014.0,Vodafone Idea,Actual
2022-09-15,2583.0,2603.550048828125,2556.75,2562.699951171875,2562.699951171875,4783723.0,Reliance jio,Actual
2022-09-15,788.0,790.6500244140625,782.0,785.0999755859375,785.0999755859375,5485310.0,Bharti airtel limited ,Actual
2022-09-14,2575.0,2610.0,2572.75,2588.35009765625,2588.35009765625,4004997.0,Reliance jio,Actual
2022-09-14,776.0,788.4000244140625,775.75,783.3499755859375,783.3499755859375,6645392.0,Bharti airtel limited ,Actual
2022-09-14,9.699999809265137,9.850000381469728,9.550000190734863,9.75,9.75,124341286.0,Vodafone Idea,Actual
2022-09-13,2618.0,2629.699951171875,2601.0,2619.75,2619.75,4102114.0,Reliance jio,Actual
2022-09-13,774.0,788.9000244140625,770.0,784.25,784.25,8335652.0,Bharti airtel limited ,Actual
2022-09-13,9.699999809265137,10.100000381469728,9.649999618530272,9.899999618530272,9.899999618530272,213272439.0,Vodafone Idea,Actual
2022-09-12,2570.550048828125,2612.0,2570.550048828125,2598.050048828125,2598.050048828125,3431445.0,Reliance jio,Actual
2022-09-12,767.0,771.4000244140625,764.5,769.1500244140625,769.1500244140625,2654087.0,Bharti airtel limited ,Actual
2022-09-12,9.699999809265137,9.75,9.600000381469728,9.649999618530272,9.649999618530272,70771284.0,Vodafone Idea,Actual
2022-09-09,2610.0,2610.0,2564.0,2569.300048828125,2569.300048828125,3837302.0,Reliance jio,Actual
2022-09-09,773.0,774.7999877929688,762.9000244140625,765.75,765.75,4627905.0,Bharti airtel limited ,Actual
2022-09-09,9.850000381469728,10.050000190734863,9.5,9.550000190734863,9.550000190734863,162950807.0,Vodafone Idea,Actual
2022-09-08,2588.25,2598.0,2571.0,2585.39990234375,2585.39990234375,3256840.0,Reliance jio,Actual
2022-09-08,759.0,776.0,757.0499877929688,769.7999877929688,769.7999877929688,10648073.0,Bharti airtel limited ,Actual
2022-09-08,9.899999618530272,10.050000190734863,9.600000381469728,9.699999809265137,9.699999809265137,189117081.0,Vodafone Idea,Actual
2022-09-07,755.5,761.9000244140625,686.2000122070312,753.0999755859375,753.0999755859375,126794211.0,Bharti airtel limited ,Actual
2022-09-07,9.100000381469728,10.050000190734863,9.050000190734863,9.75,9.75,550251093.0,Vodafone Idea,Actual
2022-09-07,2575.0,2594.89990234375,2570.0,2581.75,2581.75,3455942.0,Reliance jio,Actual
2022-09-06,9.300000190734863,9.399999618530272,9.100000381469728,9.149999618530272,9.149999618530272,89838115.0,Vodafone Idea,Actual
2022-09-06,2573.0,2606.0,2572.0,2596.85009765625,2596.85009765625,5030172.0,Reliance jio,Actual
2022-09-06,740.4000244140625,765.0,740.4000244140625,761.25,761.25,10166270.0,Bharti airtel limited ,Actual
2022-09-05,735.0,741.9500122070312,733.25,740.4000244140625,740.4000244140625,3660135.0,Bharti airtel limited ,Actual
2022-09-05,2531.0,2581.5,2531.0,2569.800048828125,2569.800048828125,5227785.0,Reliance jio,Actual
2022-09-05,9.050000190734863,9.449999809265137,9.050000190734863,9.300000190734863,9.300000190734863,125064037.0,Vodafone Idea,Actual
2022-09-02,2560.39990234375,2575.35009765625,2525.699951171875,2530.5,2530.5,5999196.0,Reliance jio,Actual
2022-09-02,9.100000381469728,9.199999809265137,8.949999809265137,8.949999809265137,8.949999809265137,59655184.0,Vodafone Idea,Actual
2022-09-02,725.0,740.9000244140625,719.6500244140625,735.0,735.0,5693707.0,Bharti airtel limited ,Actual
2022-09-01,2582.64990234375,2604.949951171875,2550.699951171875,2560.39990234375,2560.39990234375,9188434.0,Reliance jio,Actual
2022-09-01,8.949999809265137,9.300000190734863,8.899999618530273,9.100000381469728,9.100000381469728,97661094.0,Vodafone Idea,Actual
2022-09-01,726.5,746.0,726.5,735.0499877929688,735.0499877929688,11869518.0,Bharti airtel limited ,Actual
2022-08-30,2614.0,2645.25,2576.60009765625,2637.949951171875,2637.949951171875,10678670.0,Reliance jio,Actual
2022-08-30,722.0,730.0999755859375,711.7999877929688,726.5999755859375,726.5999755859375,8894800.0,Bharti airtel limited ,Actual
2022-08-30,8.949999809265137,9.25,8.899999618530273,9.050000190734863,9.050000190734863,190296432.0,Vodafone Idea,Actual
2022-08-29,2585.0,2655.0,2578.050048828125,2597.64990234375,2597.64990234375,9155684.0,Reliance jio,Actual
2022-08-29,8.949999809265137,9.050000190734863,8.850000381469727,8.850000381469727,8.850000381469727,57261824.0,Vodafone Idea,Actual
2022-08-29,717.7000122070312,724.9000244140625,715.0999755859375,720.5999755859375,720.5999755859375,5878942.0,Bharti airtel limited ,Actual
2022-08-26,2633.0,2650.0,2607.0,2618.0,2618.0,4957449.0,Reliance jio,Actual
2022-08-26,741.5,741.5,728.0,730.8499755859375,730.8499755859375,5928897.0,Bharti airtel limited ,Actual
2022-08-26,9.199999809265137,9.350000381469728,9.050000190734863,9.149999618530272,9.149999618530272,92065318.0,Vodafone Idea,Actual
2022-08-25,9.25,9.550000190734863,9.100000381469728,9.100000381469728,9.100000381469728,227348904.0,Vodafone Idea,Actual
2022-08-25,744.7999877929688,754.0499877929688,735.25,741.0,741.0,9849958.0,Bharti airtel limited ,Actual
2022-08-25,2648.949951171875,2662.89990234375,2622.60009765625,2632.050048828125,2632.050048828125,3632902.0,Reliance jio,Actual
2022-08-24,8.850000381469727,9.350000381469728,8.850000381469727,9.199999809265137,9.199999809265137,212053128.0,Vodafone Idea,Actual
2022-08-24,722.8499755859375,754.2000122070312,718.0,738.75,738.75,14922081.0,Bharti airtel limited ,Actual
2022-08-24,2640.10009765625,2670.0,2635.35009765625,2639.75,2639.75,4785579.0,Reliance jio,Actual
2022-08-23,2594.0,2653.199951171875,2591.35009765625,2646.800048828125,2646.800048828125,4466619.0,Reliance jio,Actual
2022-08-23,725.0,742.5999755859375,722.5499877929688,737.5999755859375,737.5999755859375,8229797.0,Bharti airtel limited ,Actual
2022-08-23,8.600000381469727,8.899999618530273,8.5,8.850000381469727,8.850000381469727,107453602.0,Vodafone Idea,Actual
2022-08-22,8.800000190734863,8.800000190734863,8.600000381469727,8.649999618530273,8.649999618530273,55944257.0,Vodafone Idea,Actual
2022-08-22,2617.0,2631.300048828125,2586.0,2606.60009765625,2606.60009765625,4371179.0,Reliance jio,Actual
2022-08-22,731.8499755859375,734.4000244140625,724.4000244140625,727.5999755859375,727.5999755859375,8118490.0,Bharti airtel limited ,Actual
2022-08-19,2650.0,2661.699951171875,2604.949951171875,2613.85009765625,2613.85009765625,4366123.0,Reliance jio,Actual
2022-08-19,730.2000122070312,737.5999755859375,726.0,732.2999877929688,732.2999877929688,13743828.0,Bharti airtel limited ,Actual
2022-08-19,8.949999809265137,9.050000190734863,8.75,8.800000190734863,8.800000190734863,75499764.0,Vodafone Idea,Actual
2022-08-18,8.949999809265137,9.100000381469728,8.899999618530273,8.899999618530273,8.899999618530273,72240170.0,Vodafone Idea,Actual
2022-08-18,2660.0,2669.0,2640.199951171875,2661.300048828125,2661.300048828125,3419730.0,Reliance jio,Actual
2022-08-18,725.0,736.0,720.9000244140625,733.2000122070312,733.2000122070312,10354897.0,Bharti airtel limited ,Actual
2022-08-17,707.0,724.6500244140625,702.2999877929688,722.9500122070312,722.9500122070312,8812954.0,Bharti airtel limited ,Actual
2022-08-17,8.850000381469727,9.100000381469728,8.800000190734863,9.0,9.0,116538966.0,Vodafone Idea,Actual
2022-08-17,2665.0,2676.89990234375,2655.550048828125,2665.14990234375,2657.14990234375,3044037.0,Reliance jio,Actual
2022-08-16,8.699999809265137,9.0,8.699999809265137,8.850000381469727,8.850000381469727,77326180.0,Vodafone Idea,Actual
2022-08-16,715.0,716.0,700.5,704.0999755859375,704.0999755859375,6679663.0,Bharti airtel limited ,Actual
2022-08-16,2646.199951171875,2657.300048828125,2627.300048828125,2651.300048828125,2643.341552734375,3049304.0,Reliance jio,Actual
2022-08-12,8.649999618530273,8.899999618530273,8.600000381469727,8.699999809265137,8.699999809265137,75641149.0,Vodafone Idea,Actual
2022-08-12,709.8499755859375,712.5,706.6500244140625,709.7000122070312,709.7000122070312,4540159.0,Bharti airtel limited ,Actual
2022-08-12,2590.300048828125,2641.35009765625,2582.199951171875,2633.0,2625.096435546875,5838244.0,Reliance jio,Actual
2022-08-11,718.7999877929688,719.4000244140625,705.7000122070312,709.7999877929688,709.7999877929688,7142902.0,Bharti airtel limited ,Actual
2022-08-11,8.699999809265137,8.75,8.600000381469727,8.649999618530273,8.649999618530273,42700665.0,Vodafone Idea,Actual
2022-08-11,2603.10009765625,2609.89990234375,2580.199951171875,2591.10009765625,2583.322509765625,3783480.0,Reliance jio,Actual
2022-08-10,2576.89990234375,2589.89990234375,2557.050048828125,2582.5,2574.748046875,4949442.0,Reliance jio,Actual
2022-08-10,8.699999809265137,8.75,8.550000190734863,8.600000381469727,8.600000381469727,58889485.0,Vodafone Idea,Actual
2022-08-10,713.9000244140625,718.0,706.0,715.25,715.25,12201239.0,Bharti airtel limited ,Actual
2022-08-08,707.9500122070312,709.8499755859375,699.0,704.3499755859375,704.3499755859375,5918607.0,Bharti airtel limited ,Actual
2022-08-08,8.75,8.800000190734863,8.600000381469727,8.649999618530273,8.649999618530273,52044923.0,Vodafone Idea,Actual
2022-08-08,2531.0,2583.550048828125,2531.0,2567.14990234375,2559.444091796875,4691228.0,Reliance jio,Actual
2022-08-05,2576.0,2578.800048828125,2526.949951171875,2534.0,2526.393798828125,6434433.0,Reliance jio,Actual
2022-08-05,698.0,710.0,696.3499755859375,703.6500244140625,703.6500244140625,5811092.0,Bharti airtel limited ,Actual
2022-08-05,8.850000381469727,8.949999809265137,8.699999809265137,8.75,8.75,66026291.0,Vodafone Idea,Actual
2022-08-04,698.2000122070312,698.5,680.7000122070312,694.2999877929688,694.2999877929688,6352142.0,Bharti airtel limited ,Actual
2022-08-04,2610.0,2617.75,2535.0,2571.89990234375,2564.179931640625,6676577.0,Reliance jio,Actual
2022-08-04,9.0,9.050000190734863,8.550000190734863,8.75,8.75,226139134.0,Vodafone Idea,Actual
2022-08-03,2600.0,2610.0,2567.449951171875,2606.35009765625,2598.526611328125,6576824.0,Reliance jio,Actual
2022-08-03,9.399999618530272,9.5,8.949999809265137,9.100000381469728,9.100000381469728,104022570.0,Vodafone Idea,Actual
2022-08-03,688.0,696.8499755859375,687.0,693.1500244140625,693.1500244140625,5237250.0,Bharti airtel limited ,Actual
2022-08-02,2572.5,2607.800048828125,2561.550048828125,2584.64990234375,2576.8916015625,6423115.0,Reliance jio,Actual
2022-08-02,9.25,9.550000190734863,9.199999809265137,9.399999618530272,9.399999618530272,190943056.0,Vodafone Idea,Actual
2022-08-02,700.0,700.2999877929688,681.1500244140625,686.7999877929688,686.7999877929688,6236599.0,Bharti airtel limited ,Actual
2022-08-01,2519.14990234375,2587.75,2507.60009765625,2574.85009765625,2567.12109375,7245568.0,Reliance jio,Actual
2022-08-01,8.75,9.199999809265137,8.75,9.100000381469728,9.100000381469728,81643472.0,Vodafone Idea,Actual
2022-08-01,677.9500122070312,697.7999877929688,677.0499877929688,694.4500122070312,694.4500122070312,8812526.0,Bharti airtel limited ,Actual
