Company,Date,Sentiment,Negative,Positive,Neutral
T - Mobile US,2022-08-01,-0.09264868421052631,0.14975,0.08903947368421052,0.7612236842105263
T - Mobile US,2022-08-02,0.08406666666666666,0.11232291666666666,0.12838541666666667,0.7593020833333334
T - Mobile US,2022-08-03,-0.019291764705882355,0.11945882352941177,0.09932941176470587,0.7812117647058824
T - Mobile US,2022-08-04,-0.031304,0.12262666666666668,0.08998666666666667,0.7873733333333333
T - Mobile US,2022-08-05,-0.023961855670103088,0.11562886597938145,0.08613402061855671,0.798278350515464
T - Mobile US,2022-08-06,0.06370857142857143,0.12197142857142858,0.13017142857142858,0.7478714285714285
T - Mobile US,2022-08-07,0.04763205128205128,0.11185897435897435,0.1146025641025641,0.7735384615384615
T - Mobile US,2022-08-08,-0.0778463768115942,0.1378405797101449,0.09092753623188406,0.7711884057971015
T - Mobile US,2022-08-09,0.00025000000000000207,0.11272499999999999,0.09575,0.7915666666666666
T - Mobile US,2022-08-10,-0.030290243902439024,0.1043089430894309,0.09322764227642277,0.8024552845528455
T - Mobile US,2022-08-11,0.00287090909090909,0.09957272727272727,0.11215454545454545,0.7882727272727272
T - Mobile US,2022-08-12,-0.050469318181818185,0.1257159090909091,0.0776590909090909,0.7965568181818181
T - Mobile US,2022-08-13,-0.03621525423728814,0.09957627118644068,0.0858135593220339,0.8145593220338982
T - Mobile US,2022-08-14,-0.0016749999999999983,0.09760416666666666,0.10633333333333334,0.7960416666666666
T - Mobile US,2022-08-15,0.01387088607594937,0.11918987341772153,0.1060632911392405,0.7747341772151899
T - Mobile US,2022-08-16,0.07654318181818182,0.08999242424242423,0.10065151515151514,0.8093181818181818
T - Mobile US,2022-08-17,-0.07729625,0.1142625,0.07515000000000001,0.8105625
T - Mobile US,2022-08-18,-0.06899680851063829,0.09707446808510638,0.07915957446808511,0.8237978723404255
T - Mobile US,2022-08-19,-0.06348988764044945,0.1519325842696629,0.09035955056179774,0.7576966292134831
T - Mobile US,2022-08-20,-0.060618644067796615,0.11145762711864406,0.08745762711864408,0.8010847457627119
T - Mobile US,2022-08-21,-0.18218529411764706,0.1456470588235294,0.0866764705882353,0.7676764705882353
T - Mobile US,2022-08-22,-0.013119230769230768,0.10910576923076923,0.08362499999999999,0.8072884615384616
T - Mobile US,2022-08-23,0.053713592233009706,0.11323300970873787,0.12454368932038834,0.7621941747572816
T - Mobile US,2022-08-24,0.01011944444444445,0.10692592592592592,0.10112962962962964,0.7919351851851851
T - Mobile US,2022-08-25,-0.01794903846153846,0.11942307692307692,0.10200000000000001,0.7785865384615385
T - Mobile US,2022-08-26,0.15375440251572328,0.06216666666666666,0.11351257861635221,0.824314465408805
T - Mobile US,2022-08-27,0.0375390243902439,0.1108780487804878,0.11920731707317074,0.769890243902439
T - Mobile US,2022-08-28,-0.045164788732394365,0.12649295774647887,0.09133802816901408,0.782169014084507
T - Mobile US,2022-08-29,0.023557303370786518,0.0972808988764045,0.09547191011235955,0.8072247191011236
T - Mobile US,2022-08-30,-0.055733,0.1232,0.08843,0.78839
T - Mobile US,2022-08-31,0.031919047619047625,0.10880952380952381,0.10626190476190477,0.7849523809523811
T - Mobile US,2022-09-01,-0.03507946428571428,0.13563392857142856,0.10036607142857143,0.764
T - Mobile US,2022-09-02,-0.021164000000000002,0.09510999999999999,0.09772,0.80716
T - Mobile US,2022-09-03,-0.03437704918032787,0.11408196721311475,0.10040983606557377,0.7855737704918033
T - Mobile US,2022-09-04,-0.0275,0.10453571428571429,0.08773214285714286,0.8077321428571428
T - Mobile US,2022-09-05,-0.10118840579710145,0.12027536231884058,0.09957971014492754,0.7801159420289856
T - Mobile US,2022-09-06,-0.08158018867924527,0.1189811320754717,0.08044339622641508,0.8004811320754717
T - Mobile US,2022-09-07,0.014732413793103456,0.09284137931034482,0.09262068965517241,0.814551724137931
T - Mobile US,2022-09-08,-0.04354146341463415,0.10521138211382114,0.08966666666666667,0.8050975609756098
T - Mobile US,2022-09-09,-0.03214199475065617,0.10208923884514436,0.08148818897637795,0.8164278215223097
T - Mobile US,2022-09-10,0.036666086956521744,0.08693913043478262,0.08995652173913044,0.8230608695652174
T - Mobile US,2022-09-11,-0.02736987951807229,0.1070843373493976,0.08814457831325301,0.8048072289156627
T - Mobile US,2022-09-12,-0.09613863636363637,0.11144318181818182,0.07268181818181818,0.8159090909090909
T - Mobile US,2022-09-13,0.26878048780487807,0.06184146341463415,0.16979268292682925,0.7683658536585366
T - Mobile US,2022-09-14,0.008369230769230764,0.12033846153846153,0.1085076923076923,0.7711846153846155
T - Mobile US,2022-09-15,0.02973980582524272,0.09832038834951456,0.11925242718446602,0.7824077669902912
T - Mobile US,2022-09-16,-0.020433783783783785,0.10504054054054053,0.08611486486486486,0.8088243243243244
T - Mobile US,2022-09-17,-0.093609375,0.12712500000000002,0.08629166666666667,0.786625
T - Mobile US,2022-09-18,-0.10225443037974682,0.12083544303797468,0.07750632911392405,0.8016455696202531
T - Mobile US,2022-09-19,-0.004337037037037036,0.0977037037037037,0.08906481481481482,0.8132314814814814
T - Mobile US,2022-09-20,-0.1138564705882353,0.12104117647058825,0.07751176470588235,0.8014705882352942
T - Mobile US,2022-09-21,-0.037667768595041326,0.11311570247933883,0.10363636363636364,0.783206611570248
T - Mobile US,2022-09-22,-0.098912,0.131096,0.08607200000000001,0.782808
T - Mobile US,2022-09-23,0.010847252747252747,0.10878021978021978,0.08908791208791209,0.8021098901098902
T - Mobile US,2022-09-24,-0.07529113924050632,0.12174683544303798,0.0831139240506329,0.7951392405063291
T - Mobile US,2022-09-25,-0.07506538461538462,0.11424358974358974,0.08466666666666667,0.8010512820512821
T - Mobile US,2022-09-26,-0.03106666666666667,0.11957142857142858,0.08733333333333333,0.7931309523809524
T - Mobile US,2022-09-27,0.03434538461538462,0.09310769230769231,0.10226153846153846,0.8046538461538462
T - Mobile US,2022-09-28,0.09806160714285714,0.09451785714285714,0.122375,0.7830803571428572
T - Mobile US,2022-09-29,0.02494031007751938,0.10110852713178294,0.10563565891472869,0.7932713178294574
T - Mobile US,2022-09-30,0.022363636363636367,0.11769696969696969,0.10759595959595959,0.7747373737373737
T - Mobile US,2022-10-01,0.3166777777777778,0.06160493827160494,0.18540123456790122,0.7529753086419753
T - Mobile US,2022-10-02,0.18496949152542372,0.08384745762711865,0.14319491525423728,0.7729576271186441
T - Mobile US,2022-10-03,-0.0027817307692307694,0.1030096153846154,0.10187500000000001,0.7951538461538461
T - Mobile US,2022-10-04,0.004533613445378155,0.09808403361344538,0.08845378151260504,0.8134537815126051
T - Mobile US,2022-10-05,-0.11282616822429907,0.11736448598130841,0.07458878504672897,0.8080841121495328
T - Mobile US,2022-10-06,0.03076571428571428,0.10187619047619047,0.09490476190476191,0.8032666666666667
T - Mobile US,2022-10-07,-0.03998160919540229,0.11285057471264368,0.08014942528735632,0.8070229885057472
T - Mobile US,2022-10-08,0.02262235294117647,0.09878823529411765,0.07965882352941177,0.8215411764705882
T - Mobile US,2022-10-09,0.12136850393700788,0.07516535433070866,0.1344015748031496,0.7904015748031497
T - Mobile US,2022-10-10,-0.025400000000000006,0.10107407407407407,0.10413580246913581,0.7947901234567901
T - Mobile US,2022-10-11,0.07282520325203251,0.08504065040650408,0.13077235772357723,0.7842113821138211
T - Mobile US,2022-10-12,0.020746078431372553,0.10200980392156862,0.11213725490196079,0.7858627450980392
T - Mobile US,2022-10-13,-0.06226728971962617,0.10714018691588785,0.08120560747663551,0.8117196261682242
T - Mobile US,2022-10-14,-0.08024190476190476,0.13393333333333335,0.0979047619047619,0.7682285714285715
T - Mobile US,2022-10-15,-0.045344347826086956,0.1061304347826087,0.07660869565217392,0.8172347826086956
T - Mobile US,2022-10-16,0.012798837209302328,0.11382558139534883,0.1078953488372093,0.7782325581395348
T - Mobile US,2022-10-17,-0.1685252631578947,0.1601684210526316,0.083,0.7568631578947369
T - Mobile US,2022-10-18,-0.06287786885245901,0.1225,0.09476229508196721,0.7827131147540983
T - Mobile US,2022-10-19,-0.057465765765765765,0.11796396396396396,0.08944144144144145,0.7925765765765765
T - Mobile US,2022-10-20,-0.07200804597701149,0.13385057471264367,0.07481609195402299,0.7913333333333333
T - Mobile US,2022-10-21,-0.09583124999999999,0.13172916666666665,0.07327083333333333,0.7949166666666666
T - Mobile US,2022-10-22,0.06716707317073171,0.10493902439024391,0.1017560975609756,0.7933170731707316
T - Mobile US,2022-10-23,-0.05860714285714286,0.12409999999999999,0.09145714285714286,0.7844428571428571
T - Mobile US,2022-10-24,-0.0759712643678161,0.12122988505747127,0.06531034482758621,0.8134827586206896
T - Mobile US,2022-10-25,-0.003967441860465108,0.10950387596899225,0.10775968992248063,0.7827364341085271
T - Mobile US,2022-10-26,-0.08972641509433961,0.12168867924528301,0.08765094339622642,0.790622641509434
T - Mobile US,2022-10-27,0.009101999999999999,0.12359,0.10711999999999999,0.7693000000000001
T - Mobile US,2022-10-28,-0.0838822033898305,0.13972881355932204,0.06816101694915254,0.7921016949152543
T - Mobile US,2022-10-29,-0.076848,0.11142666666666666,0.09832,0.7902933333333333
T - Mobile US,2022-10-30,0.11467361111111113,0.09444444444444444,0.1373472222222222,0.76825
T - Mobile US,2022-10-31,-0.011035106382978726,0.10792553191489361,0.0965,0.7955425531914895
T - Mobile US,2022-11-01,0.03690618556701031,0.08916494845360824,0.12318556701030928,0.7875773195876288
T - Mobile US,2022-11-02,0.08715,0.09456666666666667,0.12491666666666666,0.7805166666666667
T - Mobile US,2022-11-03,0.039913592233009706,0.11436893203883494,0.11129126213592234,0.7743786407766989
T - Mobile US,2022-11-04,-0.01905673076923077,0.11460576923076923,0.10028846153846153,0.7851153846153847
T - Mobile US,2022-11-05,-0.10397289719626168,0.1275140186915888,0.0777570093457944,0.7947289719626168
T - Mobile US,2022-11-06,-0.02777567567567567,0.11272972972972974,0.11067567567567567,0.7765405405405406
T - Mobile US,2022-11-07,-0.11656710526315789,0.14948684210526317,0.07243421052631578,0.7780789473684211
T - Mobile US,2022-11-08,-0.038063636363636355,0.11207272727272727,0.08840909090909091,0.7995090909090908
T - Mobile US,2022-11-09,-0.1941907894736842,0.1413815789473684,0.05289473684210527,0.8057763157894736
T - Mobile US,2022-11-10,0.08755052631578947,0.08952631578947369,0.11987368421052631,0.7905684210526316
T - Mobile US,2022-11-11,0.0068953125,0.123984375,0.11,0.766015625
T - Mobile US,2022-11-12,-0.10477755102040817,0.12881632653061226,0.08504081632653061,0.7861428571428571
T - Mobile US,2022-11-13,-0.002901282051282044,0.11373076923076923,0.09798717948717948,0.7883076923076923
T - Mobile US,2022-11-14,-0.010628000000000005,0.10757333333333333,0.09026666666666668,0.8021466666666667
T - Mobile US,2022-11-15,0.0078011904761904815,0.10491666666666667,0.10382142857142858,0.791297619047619
T - Mobile US,2022-11-16,0.04950963855421687,0.1024698795180723,0.11574698795180723,0.7818072289156627
T - Mobile US,2022-11-17,-0.21192906976744186,0.142453488372093,0.06516279069767442,0.7924069767441861
T - Mobile US,2022-11-18,-0.03155809523809524,0.10337142857142856,0.09834285714285715,0.7982666666666667
T - Mobile US,2022-11-19,-0.2071076923076923,0.14684615384615385,0.07556923076923076,0.7775538461538462
T - Mobile US,2022-11-20,-0.006205999999999992,0.11598000000000001,0.08588,0.7981199999999999
T - Mobile US,2022-11-21,-0.11924743589743589,0.11060256410256411,0.06534615384615385,0.8240641025641026
T - Mobile US,2022-11-22,-0.023339080459770116,0.11428735632183908,0.09848275862068966,0.7872413793103448
T - Mobile US,2022-11-23,-0.22353176470588235,0.1532235294117647,0.07284705882352942,0.7739764705882353
T - Mobile US,2022-11-24,0.14637377049180328,0.10324590163934426,0.1289016393442623,0.7678852459016393
T - Mobile US,2022-11-25,0.017935483870967744,0.11761290322580645,0.10930645161290323,0.7730967741935484
T - Mobile US,2022-11-26,-0.07959444444444445,0.11381944444444445,0.08597222222222221,0.8002083333333334
T - Mobile US,2022-11-27,-0.06370344827586207,0.13936206896551726,0.08451724137931035,0.7760689655172414
T - Mobile US,2022-11-28,-0.02857532467532468,0.10064935064935066,0.08967532467532467,0.8097012987012987
T - Mobile US,2022-11-29,0.17746352201257862,0.0820817610062893,0.13249685534591196,0.785433962264151
T - Mobile US,2022-11-30,-0.029894382022471907,0.11547191011235956,0.11813483146067415,0.7663820224719101
T - Mobile US,2022-12-01,0.0006740740740740692,0.10902469135802469,0.10988888888888888,0.7811358024691358
T - Mobile US,2022-12-02,-0.1218258064516129,0.11389247311827957,0.07729032258064515,0.8088494623655914
T - Mobile US,2022-12-03,0.026366666666666674,0.1310769230769231,0.10576923076923077,0.7631923076923076
T - Mobile US,2022-12-04,-0.014781666666666667,0.10286666666666666,0.09874999999999999,0.7983833333333333
T - Mobile US,2022-12-05,-0.20374179104477613,0.12889552238805968,0.06789552238805971,0.8031940298507463
T - Mobile US,2022-12-06,0.06606265060240964,0.10549397590361446,0.11598795180722893,0.7784819277108435
T - Mobile US,2022-12-07,-0.10429833333333334,0.1008,0.08318333333333333,0.8160000000000001
T - Mobile US,2022-12-08,-0.07744534883720931,0.1326279069767442,0.07111627906976743,0.7962441860465117
T - Mobile US,2022-12-09,-0.04087291666666666,0.09870833333333334,0.08703125,0.8142708333333334
T - Mobile US,2022-12-10,0.03847215189873417,0.10169620253164557,0.08807594936708861,0.8101772151898735
T - Mobile US,2022-12-11,0.0007209677419354869,0.11724193548387098,0.10588709677419356,0.7768709677419354
T - Mobile US,2022-12-12,0.1420014705882353,0.0641764705882353,0.12075000000000001,0.8150882352941177
T - Mobile US,2022-12-13,-0.0160625,0.12240384615384615,0.11303846153846155,0.764548076923077
T - Mobile US,2022-12-14,0.0486283950617284,0.09628395061728395,0.11369135802469135,0.7900123456790124
T - Mobile US,2022-12-15,-0.057971084337349404,0.10626506024096385,0.08424096385542168,0.8095180722891566
T - Mobile US,2022-12-16,0.0008773584905660396,0.11466981132075471,0.11563207547169811,0.7696886792452831
T - Mobile US,2022-12-17,-0.10577692307692307,0.12724175824175823,0.07135164835164835,0.8014285714285714
T - Mobile US,2022-12-18,-0.0428,0.09539393939393939,0.08322727272727273,0.8213939393939395
T - Mobile US,2022-12-19,-0.10147258064516128,0.10424193548387096,0.08209677419354838,0.8136774193548387
T - Mobile US,2022-12-20,0.03392736842105264,0.10447368421052633,0.12031578947368421,0.7752315789473685
T - Mobile US,2022-12-21,-0.05729382716049383,0.1134320987654321,0.11048148148148149,0.7760864197530865
T - Mobile US,2022-12-22,0.013601369863013696,0.10964383561643835,0.09071232876712329,0.7996301369863014
T - Mobile US,2022-12-23,-0.09861547619047618,0.13048809523809524,0.0663452380952381,0.803154761904762
T - Mobile US,2022-12-24,-0.0021256756756756734,0.10456756756756758,0.08137837837837839,0.814027027027027
T - Mobile US,2022-12-25,-0.05080714285714285,0.12002380952380953,0.08304761904761905,0.7969761904761905
T - Mobile US,2022-12-26,-0.0728754716981132,0.12537735849056603,0.07584905660377357,0.7987735849056604
T - Mobile US,2022-12-27,-0.0492093023255814,0.1358372093023256,0.09395348837209302,0.7702441860465116
T - Mobile US,2022-12-28,-0.03927313432835821,0.1173731343283582,0.098,0.784641791044776
T - Mobile US,2022-12-29,-0.029936585365853658,0.13221951219512196,0.11237804878048781,0.755390243902439
T - Mobile US,2022-12-30,-0.05790136986301371,0.12558904109589042,0.08710958904109589,0.7872876712328767
T - Mobile US,2022-12-31,-0.04268533333333333,0.12085333333333334,0.09229333333333332,0.78692
T - Mobile US,2023-01-01,0.05676481481481482,0.08794444444444445,0.10735185185185186,0.8047037037037037
T - Mobile US,2023-01-02,-0.025681012658227843,0.11437974683544304,0.09798734177215189,0.7876329113924051
T - Mobile US,2023-01-03,-0.028882608695652165,0.10856521739130434,0.10153623188405797,0.7899420289855072
T - Mobile US,2023-01-04,-0.08194943820224719,0.13257303370786516,0.09414606741573034,0.7733483146067416
T - Mobile US,2023-01-05,-0.05692142857142857,0.09468571428571429,0.09188571428571429,0.8134142857142858
T - Mobile US,2023-01-06,-0.006062499999999996,0.1082625,0.0866875,0.805025
Reliance jio,2022-08-01,0.04405384615384615,0.07957142857142857,0.10131868131868133,0.8191428571428572
Reliance jio,2022-08-02,-0.03517425742574257,0.09640594059405941,0.0998118811881188,0.8037920792079208
Reliance jio,2022-08-03,-0.03263936170212766,0.09067021276595745,0.08706382978723404,0.8222553191489362
Reliance jio,2022-08-04,-0.10379493670886075,0.0989873417721519,0.07734177215189873,0.8236708860759493
Reliance jio,2022-08-05,-0.06984736842105263,0.10207894736842105,0.07603947368421053,0.8218552631578947
Reliance jio,2022-08-06,-0.06577058823529411,0.09054411764705883,0.075,0.8344705882352941
Reliance jio,2022-08-07,-0.17095135135135134,0.111,0.07070270270270271,0.8182837837837837
Reliance jio,2022-08-08,-0.08313472222222223,0.104125,0.07994444444444444,0.8159305555555556
Reliance jio,2022-08-09,-0.13200454545454546,0.11525757575757577,0.07822727272727273,0.8065
Reliance jio,2022-08-10,-0.1475593023255814,0.10770930232558139,0.06904651162790697,0.8232441860465117
Reliance jio,2022-08-11,-0.13512539682539682,0.12252380952380953,0.08614285714285713,0.7913174603174603
Reliance jio,2022-08-12,-0.1434388888888889,0.10813888888888888,0.07636111111111112,0.8154166666666667
Reliance jio,2022-08-13,-0.025179710144927536,0.10566666666666667,0.09915942028985507,0.7951449275362319
Reliance jio,2022-08-14,-0.059111666666666667,0.10138333333333334,0.06251666666666666,0.8360833333333333
Reliance jio,2022-08-15,-0.12595396825396826,0.11746031746031746,0.08395238095238095,0.7986825396825397
Reliance jio,2022-08-16,-0.3464057971014493,0.1436521739130435,0.0545072463768116,0.8018405797101449
Reliance jio,2022-08-17,-0.19451444444444443,0.11547777777777779,0.07101111111111111,0.8135222222222223
Reliance jio,2022-08-18,-0.08282878787878789,0.10759090909090908,0.08443939393939394,0.8078939393939394
Reliance jio,2022-08-19,-0.20222405063291138,0.11453164556962026,0.06731645569620254,0.8181645569620254
Reliance jio,2022-08-20,-0.08726428571428571,0.09173214285714286,0.08078571428571428,0.8274107142857143
Reliance jio,2022-08-21,-0.21385443037974686,0.12543037974683546,0.06743037974683544,0.807126582278481
Reliance jio,2022-08-22,-0.25639538461538464,0.12840000000000001,0.062323076923076925,0.8092615384615384
Reliance jio,2022-08-23,-0.20269411764705883,0.1436470588235294,0.07594117647058823,0.7804509803921568
Reliance jio,2022-08-24,-0.09266190476190476,0.09849206349206349,0.07622222222222222,0.8253015873015873
Reliance jio,2022-08-25,-0.0893948717948718,0.10394871794871796,0.08961538461538462,0.806448717948718
Reliance jio,2022-08-26,-0.239140625,0.13184375,0.0794375,0.78878125
Reliance jio,2022-08-27,-0.24383384615384615,0.13156923076923077,0.07201538461538462,0.7964307692307693
Reliance jio,2022-08-28,-0.11766818181818182,0.10681818181818181,0.08303030303030304,0.8101969696969696
Reliance jio,2022-08-29,-0.02266357142857143,0.06346428571428571,0.05965714285714286,0.8768714285714285
Reliance jio,2022-08-30,-0.1397086956521739,0.11133695652173914,0.07316304347826087,0.8154456521739131
Reliance jio,2022-08-31,-0.16776119402985076,0.1311641791044776,0.07838805970149254,0.7903880597014926
Reliance jio,2022-09-01,-0.15106166666666668,0.11433333333333334,0.06768333333333333,0.8180333333333334
Reliance jio,2022-09-02,-0.15414999999999998,0.11530208333333332,0.092625,0.7920937499999999
Reliance jio,2022-09-03,-0.2088902777777778,0.13972222222222222,0.07680555555555556,0.7834583333333334
Reliance jio,2022-09-04,-0.10459264705882354,0.10938235294117647,0.08139705882352942,0.8092499999999999
Reliance jio,2022-09-05,-0.0580367088607595,0.09746835443037975,0.10556962025316456,0.7969746835443038
Reliance jio,2022-09-06,-0.15717966101694916,0.12411864406779662,0.06494915254237288,0.8109152542372882
Reliance jio,2022-09-07,-0.1517671052631579,0.11047368421052632,0.07456578947368421,0.8149210526315789
Reliance jio,2022-09-08,-0.07337701149425287,0.1105287356321839,0.08573563218390805,0.803712643678161
Reliance jio,2022-09-09,-0.21683877551020408,0.13677551020408163,0.08144897959183674,0.7817755102040816
Reliance jio,2022-09-10,-0.14656,0.13034545454545454,0.08930909090909091,0.7802727272727272
Reliance jio,2022-09-11,-0.08549577464788732,0.11966197183098592,0.09997183098591549,0.7804366197183099
Reliance jio,2022-09-12,-0.0662890243902439,0.11182926829268293,0.10021951219512196,0.787939024390244
Reliance jio,2022-09-13,-0.17807166666666668,0.11466666666666667,0.07786666666666667,0.8074166666666667
Reliance jio,2022-09-14,-0.07987910447761193,0.0974776119402985,0.08547761194029851,0.8170746268656717
Reliance jio,2022-09-15,-0.046184375,0.1009375,0.114515625,0.78459375
Reliance jio,2022-09-16,-0.10549146341463414,0.10208536585365854,0.07217073170731708,0.825780487804878
Reliance jio,2022-09-17,-0.12124848484848484,0.12790909090909092,0.08337878787878789,0.7888484848484848
Reliance jio,2022-09-18,-0.18255975609756098,0.10620731707317073,0.059719512195121956,0.8340731707317074
Reliance jio,2022-09-19,-0.18636626506024095,0.108,0.06946987951807229,0.8224939759036144
Reliance jio,2022-09-20,-0.08669350649350649,0.10412987012987014,0.08405194805194806,0.8118441558441558
Reliance jio,2022-09-21,-0.1437968253968254,0.12101587301587302,0.08869841269841269,0.7902539682539683
Reliance jio,2022-09-22,-0.21209577464788731,0.12357746478873241,0.07473239436619718,0.8016619718309859
Reliance jio,2022-09-23,-0.030761971830985915,0.10976056338028169,0.08912676056338029,0.801056338028169
Reliance jio,2022-09-24,-0.06292153846153846,0.1068153846153846,0.09096923076923077,0.8022307692307693
Reliance jio,2022-09-25,-0.10377692307692307,0.1108974358974359,0.08776923076923077,0.8013205128205129
Reliance jio,2022-09-26,-0.144028125,0.1145,0.07640625,0.809140625
Reliance jio,2022-09-27,-0.14841973684210527,0.12114473684210528,0.08130263157894738,0.7975921052631578
Reliance jio,2022-09-28,-0.203565,0.11446999999999999,0.06515,0.82037
Reliance jio,2022-09-29,-0.054130487804878044,0.10523170731707317,0.09064634146341463,0.8041219512195122
Reliance jio,2022-09-30,-0.11497260273972604,0.11278082191780822,0.06684931506849315,0.8204383561643837
Reliance jio,2022-10-01,0.048841772151898735,0.06846202531645569,0.08167088607594937,0.8498544303797467
Reliance jio,2022-10-02,-0.10978139534883721,0.10323255813953489,0.07290697674418604,0.8239302325581396
Reliance jio,2022-10-03,-0.08373731343283583,0.1023134328358209,0.06861194029850747,0.829089552238806
Reliance jio,2022-10-04,-0.06338846153846153,0.08956730769230768,0.08254807692307692,0.8278846153846153
Reliance jio,2022-10-05,-0.06155079365079365,0.07933333333333334,0.061960317460317466,0.8587619047619047
Reliance jio,2022-10-06,-0.07871348314606741,0.08722471910112359,0.07455056179775281,0.8382696629213483
Reliance jio,2022-10-07,-0.16649506172839507,0.10500000000000001,0.07022222222222221,0.8248641975308642
Reliance jio,2022-10-08,-0.08171880341880342,0.09962393162393163,0.08217094017094018,0.8182564102564103
Reliance jio,2022-10-09,-0.18856321839080462,0.12366666666666667,0.07591954022988506,0.8004482758620689
Reliance jio,2022-10-10,-0.09511935483870967,0.10206451612903225,0.07995698924731183,0.818
Reliance jio,2022-10-11,-0.18470555555555557,0.11819444444444444,0.07325,0.8085416666666666
Reliance jio,2022-10-12,-0.1701,0.10920879120879122,0.06564835164835164,0.825076923076923
Reliance jio,2022-10-13,-0.09015833333333333,0.10329761904761904,0.07794047619047619,0.8187857142857143
Reliance jio,2022-10-14,-0.006323456790123455,0.08969135802469136,0.08969135802469136,0.8205802469135802
Reliance jio,2022-10-15,-0.14796352941176472,0.12077647058823529,0.08927058823529412,0.7899176470588235
Reliance jio,2022-10-16,-0.0867943661971831,0.11777464788732395,0.08269014084507041,0.7995352112676056
Reliance jio,2022-10-17,-0.12294494382022472,0.11306741573033709,0.0823370786516854,0.8045617977528089
Reliance jio,2022-10-18,0.008643243243243247,0.08264864864864864,0.08872972972972973,0.8285810810810811
Reliance jio,2022-10-19,-0.10964615384615385,0.10692307692307693,0.09447252747252746,0.7985714285714286
Reliance jio,2022-10-20,-0.09266388888888889,0.10577777777777778,0.08893055555555557,0.805236111111111
Reliance jio,2022-10-21,-0.10951325301204819,0.10159036144578314,0.07483132530120483,0.823578313253012
Reliance jio,2022-10-22,-0.14692432432432434,0.10681081081081081,0.06487837837837838,0.8284189189189188
Reliance jio,2022-10-23,-0.14442318840579713,0.11466666666666667,0.08611594202898551,0.7992173913043479
Reliance jio,2022-10-24,-0.11649069767441861,0.13186046511627908,0.06588372093023256,0.8021627906976745
Reliance jio,2022-10-25,-0.1200987012987013,0.12148051948051947,0.10345454545454545,0.7751168831168831
Reliance jio,2022-10-26,-0.1541,0.11714102564102565,0.08807692307692308,0.7948076923076923
Reliance jio,2022-10-27,-0.2728647727272727,0.12942045454545453,0.05879545454545455,0.8117727272727273
Reliance jio,2022-10-28,-0.08563650793650794,0.10725396825396825,0.09034920634920635,0.8024603174603174
Reliance jio,2022-10-29,-0.10747395833333333,0.104375,0.09156249999999999,0.8041041666666667
Reliance jio,2022-10-30,-0.1346327868852459,0.10857377049180328,0.09767213114754099,0.7937704918032787
Reliance jio,2022-10-31,-0.18971060606060605,0.1366969696969697,0.0828030303030303,0.7805454545454545
Reliance jio,2022-11-01,-0.22864920634920635,0.1121111111111111,0.06546031746031745,0.8223809523809524
Reliance jio,2022-11-02,-0.17208648648648647,0.11778378378378378,0.07444594594594595,0.8078378378378378
Reliance jio,2022-11-03,-0.07317916666666666,0.11118055555555556,0.08163888888888889,0.8071805555555556
Reliance jio,2022-11-04,-0.1388705882352941,0.11474509803921569,0.05972549019607843,0.8254313725490197
Reliance jio,2022-11-05,-0.1758825396825397,0.1292222222222222,0.06352380952380952,0.8072063492063491
Reliance jio,2022-11-06,-0.29766875,0.126875,0.063390625,0.80971875
Reliance jio,2022-11-07,-0.04671643835616439,0.10316438356164383,0.08956164383561645,0.8072739726027397
Reliance jio,2022-11-08,-0.12522678571428572,0.12126785714285715,0.09491071428571429,0.7838035714285715
Reliance jio,2022-11-09,-0.09798545454545454,0.10547272727272727,0.07956363636363636,0.8149636363636363
Reliance jio,2022-11-10,-0.11113939393939394,0.12287878787878787,0.08142424242424241,0.7956515151515151
Reliance jio,2022-11-11,-0.08393521126760563,0.1002112676056338,0.08711267605633802,0.8127042253521126
Reliance jio,2022-11-12,-0.14321666666666666,0.11780303030303031,0.06746969696969697,0.8147121212121212
Reliance jio,2022-11-13,-0.1310542372881356,0.11038983050847458,0.07420338983050848,0.8154067796610169
Reliance jio,2022-11-14,0.009805263157894742,0.08578947368421053,0.09166666666666666,0.8225614035087719
Reliance jio,2022-11-15,-0.12242833333333333,0.11373333333333333,0.07011666666666666,0.8161
Reliance jio,2022-11-16,-0.12148852459016393,0.10185245901639345,0.07804918032786885,0.8201803278688524
Reliance jio,2022-11-17,-0.23710508474576272,0.14054237288135593,0.07920338983050848,0.7802542372881356
Reliance jio,2022-11-18,-0.1595112676056338,0.11125352112676057,0.08004225352112676,0.8087183098591549
Reliance jio,2022-11-19,-0.09349152542372881,0.10813559322033899,0.08235593220338983,0.8095254237288135
Reliance jio,2022-11-20,-0.23302757111597375,0.15743763676148795,0.07851422319474836,0.7640393873085339
Reliance jio,2022-11-21,-0.13920689655172414,0.13187931034482758,0.0834353448275862,0.784719827586207
Reliance jio,2022-11-22,-0.07212211538461538,0.09565384615384616,0.07877884615384614,0.8256249999999999
Reliance jio,2022-11-23,-0.04918172043010753,0.1120967741935484,0.1075483870967742,0.7804301075268817
Reliance jio,2022-11-24,-0.12195714285714286,0.13175324675324676,0.08641558441558442,0.7817792207792208
Reliance jio,2022-11-25,0.0005736263736263739,0.07883516483516484,0.0971978021978022,0.823945054945055
Reliance jio,2022-11-26,-0.10929333333333333,0.11643333333333333,0.08915000000000001,0.7943666666666667
Reliance jio,2022-11-27,0.043440298507462685,0.07895522388059702,0.10585074626865672,0.8152238805970149
Reliance jio,2022-11-28,-0.03838358208955224,0.08371641791044776,0.07935820895522389,0.8369402985074628
Reliance jio,2022-11-29,-0.08783291925465839,0.09670186335403727,0.07705590062111801,0.8262298136645962
Reliance jio,2022-11-30,-0.06359175257731958,0.10784536082474228,0.08634020618556701,0.8057628865979382
Reliance jio,2022-12-01,-0.08731538461538461,0.1178974358974359,0.09482051282051282,0.7873333333333333
Reliance jio,2022-12-02,-0.10262359550561798,0.12670786516853932,0.09961797752808989,0.7737528089887641
Reliance jio,2022-12-03,-0.07183378378378377,0.09154054054054055,0.07014864864864864,0.8383243243243244
Reliance jio,2022-12-04,0.03466973684210526,0.09214473684210527,0.10138157894736842,0.8064605263157895
Reliance jio,2022-12-05,-0.10823953488372093,0.10884883720930233,0.07973255813953489,0.8114883720930233
Reliance jio,2022-12-06,-0.15025180722891568,0.11800000000000001,0.07266265060240963,0.8093253012048194
Reliance jio,2022-12-07,-0.18584520547945207,0.12882191780821917,0.07575342465753425,0.7954657534246575
Reliance jio,2022-12-08,-0.09057692307692307,0.11093589743589745,0.09532051282051282,0.7938205128205128
Reliance jio,2022-12-09,-0.23137142857142856,0.1309220779220779,0.054064935064935066,0.8150389610389611
Reliance jio,2022-12-10,-0.151647311827957,0.12010752688172043,0.0781505376344086,0.8018064516129032
Reliance jio,2022-12-11,-0.10540212765957446,0.11288297872340426,0.08497872340425532,0.8021382978723404
Reliance jio,2022-12-12,-0.24342298850574715,0.1252183908045977,0.061712643678160914,0.8130804597701149
Reliance jio,2022-12-13,-0.11300842105263158,0.1139157894736842,0.08525263157894737,0.800778947368421
Reliance jio,2022-12-14,-0.09829677419354839,0.12273118279569892,0.08517204301075268,0.7921290322580646
Reliance jio,2022-12-15,-0.08970618556701031,0.09077319587628865,0.08276288659793815,0.8265257731958763
Reliance jio,2022-12-16,-0.09278115942028985,0.09320289855072464,0.07320289855072463,0.8336086956521739
Reliance jio,2022-12-17,-0.09931194029850747,0.11146268656716418,0.10017910447761194,0.7884328358208955
Reliance jio,2022-12-18,0.022097794117647063,0.10963970588235294,0.137375,0.7530073529411765
Reliance jio,2022-12-19,0.009015833333333336,0.09419166666666667,0.115675,0.7901583333333334
Reliance jio,2022-12-20,-0.09272882882882882,0.1085945945945946,0.08083783783783785,0.8105765765765766
Reliance jio,2022-12-21,-0.05516465517241379,0.10899137931034483,0.0955344827586207,0.7954741379310345
Reliance jio,2022-12-22,-0.054743749999999994,0.11188392857142858,0.09166071428571429,0.7964017857142858
Reliance jio,2022-12-23,-0.05382784810126582,0.0990886075949367,0.07686075949367088,0.8240506329113924
Reliance jio,2022-12-24,-0.05933529411764706,0.10691176470588235,0.08687254901960785,0.8062156862745098
Reliance jio,2022-12-25,-0.0673472972972973,0.08658108108108108,0.07528378378378378,0.8380945945945946
Reliance jio,2022-12-26,-0.0397621359223301,0.09813592233009709,0.09740776699029126,0.8044854368932038
Reliance jio,2022-12-27,-0.24890963855421688,0.12355421686746988,0.056662650602409645,0.8197349397590361
Reliance jio,2022-12-28,-0.056927972027972035,0.10416783216783217,0.0953006993006993,0.8005524475524476
Reliance jio,2022-12-29,-0.1389423076923077,0.11784615384615385,0.08009134615384615,0.8020576923076923
Reliance jio,2022-12-30,-0.2091828947368421,0.1363157894736842,0.07521052631578948,0.7884736842105263
Reliance jio,2022-12-31,-0.0741632183908046,0.10871264367816093,0.08193103448275862,0.8093793103448276
Reliance jio,2023-01-01,-0.1512931506849315,0.10689041095890411,0.06224657534246575,0.8308904109589041
Reliance jio,2023-01-02,-0.10287738095238096,0.1006547619047619,0.07702380952380952,0.8222976190476191
Reliance jio,2023-01-03,-0.17273424657534248,0.1156986301369863,0.060739726027397266,0.8235890410958904
Reliance jio,2023-01-04,-0.05358571428571428,0.10232857142857144,0.09208571428571428,0.8054714285714286
Reliance jio,2023-01-05,-0.0648201923076923,0.10002884615384616,0.08007692307692307,0.8199038461538461
Reliance jio,2023-01-06,-0.17145892857142855,0.13413392857142856,0.06773214285714287,0.7981517857142857
Bharti airtel limited ,2022-08-01,-0.17543814432989688,0.1143298969072165,0.07412371134020618,0.8114845360824742
Bharti airtel limited ,2022-08-02,-0.1258861386138614,0.11789108910891088,0.0727029702970297,0.8094059405940595
Bharti airtel limited ,2022-08-03,-0.04837047619047619,0.09606666666666666,0.09239047619047619,0.8115333333333333
Bharti airtel limited ,2022-08-04,-0.1389021978021978,0.10763736263736264,0.07653846153846154,0.8158021978021978
Bharti airtel limited ,2022-08-05,-0.14272380952380953,0.11872619047619049,0.08373809523809524,0.7975238095238095
Bharti airtel limited ,2022-08-06,-0.03068888888888889,0.09773148148148147,0.09380555555555556,0.8084444444444444
Bharti airtel limited ,2022-08-07,-0.1379811111111111,0.10855555555555554,0.0752,0.8162
Bharti airtel limited ,2022-08-08,-0.06045045045045045,0.1016936936936937,0.09786486486486486,0.8004234234234233
Bharti airtel limited ,2022-08-09,-0.05701372549019608,0.11573529411764706,0.10243137254901961,0.7818235294117647
Bharti airtel limited ,2022-08-10,-0.07618817204301076,0.09939784946236559,0.0892258064516129,0.8113440860215053
Bharti airtel limited ,2022-08-11,-0.1575846153846154,0.1077948717948718,0.07794871794871795,0.8142179487179487
Bharti airtel limited ,2022-08-12,-0.15058762886597937,0.11908247422680412,0.09048453608247421,0.7903917525773196
Bharti airtel limited ,2022-08-13,-0.0032333333333333355,0.09889285714285714,0.09839285714285714,0.8027261904761905
Bharti airtel limited ,2022-08-14,-0.18833253012048193,0.11896385542168675,0.07163855421686746,0.8094096385542169
Bharti airtel limited ,2022-08-15,-0.055956716417910446,0.12719402985074627,0.10105970149253732,0.7717164179104478
Bharti airtel limited ,2022-08-16,-0.16305157894736844,0.1292421052631579,0.08609473684210527,0.7846315789473685
Bharti airtel limited ,2022-08-17,-0.07906161616161615,0.11412121212121212,0.08493939393939394,0.8009292929292929
Bharti airtel limited ,2022-08-18,-0.08320212765957447,0.11353191489361703,0.0879468085106383,0.798531914893617
Bharti airtel limited ,2022-08-19,-0.04887575757575758,0.10269696969696969,0.10093939393939394,0.7963838383838384
Bharti airtel limited ,2022-08-20,-0.2121883495145631,0.11266990291262137,0.07536893203883495,0.8119417475728155
Bharti airtel limited ,2022-08-21,-0.15967471264367816,0.12028735632183908,0.07982758620689656,0.7998505747126438
Bharti airtel limited ,2022-08-22,-0.13332087912087914,0.11512087912087914,0.06567032967032967,0.8191868131868133
Bharti airtel limited ,2022-08-23,-0.1054264367816092,0.11855172413793104,0.09721839080459771,0.7842183908045978
Bharti airtel limited ,2022-08-24,-0.1447010989010989,0.12223076923076924,0.08421978021978022,0.7935714285714286
Bharti airtel limited ,2022-08-25,-0.1278424778761062,0.1214424778761062,0.09043362831858406,0.7881946902654867
Bharti airtel limited ,2022-08-26,-0.1681703703703704,0.12703703703703703,0.08019444444444444,0.7927685185185185
Bharti airtel limited ,2022-08-27,-0.06339237288135594,0.10072881355932205,0.0835677966101695,0.8156864406779661
Bharti airtel limited ,2022-08-28,-0.09598387096774193,0.11404838709677419,0.08883870967741936,0.7971129032258064
Bharti airtel limited ,2022-08-29,-0.09873636363636364,0.11319318181818182,0.08226136363636363,0.804534090909091
Bharti airtel limited ,2022-08-30,-0.15760366972477063,0.14626605504587156,0.08659633027522935,0.7671100917431192
Bharti airtel limited ,2022-08-31,-0.12654597701149425,0.11279310344827587,0.08803448275862069,0.7991609195402299
Bharti airtel limited ,2022-09-01,-0.09047849462365591,0.1165268817204301,0.0977741935483871,0.7857204301075269
Bharti airtel limited ,2022-09-02,-0.07883873873873874,0.10427927927927927,0.08803603603603603,0.8077207207207207
Bharti airtel limited ,2022-09-03,-0.16190701754385964,0.12120175438596491,0.09206140350877193,0.7867017543859649
Bharti airtel limited ,2022-09-04,-0.15535842696629212,0.14097752808988764,0.08304494382022472,0.7760224719101124
Bharti airtel limited ,2022-09-05,-0.10699439252336448,0.10933644859813084,0.07882242990654205,0.8118504672897195
Bharti airtel limited ,2022-09-06,-0.2010991666666667,0.13363333333333335,0.08793333333333334,0.7784166666666666
Bharti airtel limited ,2022-09-07,-0.106943,0.12210000000000001,0.0855,0.7924599999999999
Bharti airtel limited ,2022-09-08,-0.12170092592592593,0.12150925925925925,0.09846296296296296,0.7799814814814815
Bharti airtel limited ,2022-09-09,-0.10468045977011495,0.11428735632183908,0.08170114942528735,0.8040689655172413
Bharti airtel limited ,2022-09-10,-0.22875930232558142,0.1288372093023256,0.07630232558139535,0.794906976744186
Bharti airtel limited ,2022-09-11,-0.06558351648351649,0.12567032967032968,0.10441758241758242,0.7699230769230769
Bharti airtel limited ,2022-09-12,-0.1677763157894737,0.1380438596491228,0.08578947368421053,0.7762105263157895
Bharti airtel limited ,2022-09-13,-0.1798960396039604,0.11396039603960396,0.06874257425742573,0.8172079207920792
Bharti airtel limited ,2022-09-14,-0.125868,0.11587,0.08278,0.80131
Bharti airtel limited ,2022-09-15,-0.08654081632653061,0.11385714285714285,0.09298979591836734,0.7931938775510204
Bharti airtel limited ,2022-09-16,-0.1511681818181818,0.12082954545454547,0.07629545454545456,0.8027840909090909
Bharti airtel limited ,2022-09-17,-0.13667285714285715,0.11915714285714285,0.09667142857142857,0.7842428571428571
Bharti airtel limited ,2022-09-18,-0.07524853420195439,0.09948208469055375,0.07173615635179154,0.8288045602605864
Bharti airtel limited ,2022-09-19,-0.1622816,0.126488,0.070256,0.80328
Bharti airtel limited ,2022-09-20,-0.05421693548387097,0.08537096774193549,0.0825483870967742,0.8320645161290323
Bharti airtel limited ,2022-09-21,-0.07571325301204819,0.107,0.08804819277108433,0.8049638554216867
Bharti airtel limited ,2022-09-22,-0.1850170731707317,0.13182926829268293,0.08665853658536585,0.7814634146341464
Bharti airtel limited ,2022-09-23,-0.1035890243902439,0.11252439024390244,0.08759756097560975,0.7998902439024389
Bharti airtel limited ,2022-09-24,-0.13553434343434342,0.11347474747474748,0.0881010101010101,0.7984545454545454
Bharti airtel limited ,2022-09-25,-0.14143086419753087,0.1231111111111111,0.0981851851851852,0.7787160493827161
Bharti airtel limited ,2022-09-26,-0.1306112244897959,0.11020408163265306,0.08304081632653061,0.806795918367347
Bharti airtel limited ,2022-09-27,-0.07429166666666667,0.1164537037037037,0.08451851851851852,0.7990277777777778
Bharti airtel limited ,2022-09-28,-0.07142820512820512,0.11585470085470086,0.10082905982905983,0.7832136752136751
Bharti airtel limited ,2022-09-29,-0.18231525423728814,0.12408474576271186,0.07922881355932204,0.7966525423728813
Bharti airtel limited ,2022-09-30,-0.09525438596491229,0.11803508771929824,0.0920701754385965,0.7899824561403508
Bharti airtel limited ,2022-10-01,0.017843589743589745,0.07206153846153845,0.0841076923076923,0.8438615384615384
Bharti airtel limited ,2022-10-02,-0.003082758620689651,0.09612413793103448,0.10163448275862069,0.8022413793103449
Bharti airtel limited ,2022-10-03,-0.13539734513274335,0.1051061946902655,0.07730088495575221,0.817566371681416
Bharti airtel limited ,2022-10-04,-0.12936031746031745,0.09711111111111112,0.07296031746031746,0.8299285714285715
Bharti airtel limited ,2022-10-05,-0.103303125,0.09821875000000001,0.07976041666666667,0.8220416666666667
Bharti airtel limited ,2022-10-06,0.0020828220858895713,0.09150920245398773,0.1003558282208589,0.8081288343558282
Bharti airtel limited ,2022-10-07,-0.10579738562091504,0.09918300653594772,0.07462745098039215,0.826202614379085
Bharti airtel limited ,2022-10-08,-0.02594267515923567,0.0974203821656051,0.08345859872611465,0.8191656050955415
Bharti airtel limited ,2022-10-09,-0.056642063492063494,0.10037301587301588,0.08453968253968254,0.8150555555555555
Bharti airtel limited ,2022-10-10,-0.11106825396825397,0.10795238095238095,0.08036507936507936,0.8116269841269841
Bharti airtel limited ,2022-10-11,-0.10977759999999999,0.10034399999999999,0.072504,0.827152
Bharti airtel limited ,2022-10-12,-0.14968507462686567,0.1065820895522388,0.07310447761194029,0.8203059701492538
Bharti airtel limited ,2022-10-13,-0.14734358974358974,0.12873504273504274,0.081,0.7902307692307692
Bharti airtel limited ,2022-10-14,-0.13073471074380164,0.12043801652892562,0.08606611570247934,0.7935289256198347
Bharti airtel limited ,2022-10-15,-0.22966074766355138,0.13824299065420562,0.08109345794392522,0.7806822429906543
Bharti airtel limited ,2022-10-16,0.0029267441860465126,0.1129186046511628,0.10765116279069767,0.779406976744186
Bharti airtel limited ,2022-10-17,-0.1347045871559633,0.10204587155963302,0.07976146788990826,0.8181926605504588
Bharti airtel limited ,2022-10-18,-0.15521935483870966,0.11812903225806451,0.08269354838709678,0.7991693548387097
Bharti airtel limited ,2022-10-19,-0.1449990909090909,0.11661818181818182,0.08810000000000001,0.7952818181818181
Bharti airtel limited ,2022-10-20,-0.056036363636363634,0.1156909090909091,0.09067272727272728,0.7936909090909091
Bharti airtel limited ,2022-10-21,-0.1379759493670886,0.11498734177215189,0.08317721518987341,0.801873417721519
Bharti airtel limited ,2022-10-22,-0.0640030303030303,0.10825252525252525,0.07687878787878788,0.8149191919191919
Bharti airtel limited ,2022-10-23,-0.1610878787878788,0.12119191919191918,0.07984848484848485,0.798949494949495
Bharti airtel limited ,2022-10-24,0.024518518518518523,0.08296296296296296,0.0999074074074074,0.8171481481481481
Bharti airtel limited ,2022-10-25,-0.1822816513761468,0.12011009174311928,0.06835779816513762,0.8115412844036697
Bharti airtel limited ,2022-10-26,-0.21790384615384617,0.12146153846153847,0.07303846153846154,0.8054615384615385
Bharti airtel limited ,2022-10-27,-0.18250404040404042,0.12682828282828285,0.07053535353535353,0.8026161616161617
Bharti airtel limited ,2022-10-28,-0.13787733333333332,0.10474666666666667,0.08600000000000001,0.8093199999999999
Bharti airtel limited ,2022-10-29,-0.1926330275229358,0.12055045871559633,0.0845045871559633,0.7949266055045872
Bharti airtel limited ,2022-10-30,-0.041222535211267605,0.11494366197183098,0.09181690140845071,0.7932253521126761
Bharti airtel limited ,2022-10-31,0.006055128205128204,0.09462820512820513,0.0826025641025641,0.8227692307692308
Bharti airtel limited ,2022-11-01,-0.12858684210526314,0.09711842105263158,0.07719736842105263,0.8256710526315789
Bharti airtel limited ,2022-11-02,-0.075429,0.10208,0.08295,0.8149599999999999
Bharti airtel limited ,2022-11-03,-0.09101699999999999,0.10707000000000001,0.07899,0.8139799999999999
Bharti airtel limited ,2022-11-04,-0.053919999999999996,0.10286666666666668,0.09765555555555555,0.7994777777777778
Bharti airtel limited ,2022-11-05,-0.07679599999999999,0.09805333333333334,0.07271999999999999,0.8292266666666667
Bharti airtel limited ,2022-11-06,-0.12731267605633803,0.11163380281690141,0.08069014084507042,0.8076901408450705
Bharti airtel limited ,2022-11-07,-0.1615576923076923,0.10983333333333334,0.07975641025641025,0.8104487179487179
Bharti airtel limited ,2022-11-08,-0.12383137254901962,0.1084607843137255,0.08108823529411766,0.8104313725490196
Bharti airtel limited ,2022-11-09,-0.15634831460674156,0.11640449438202247,0.08041573033707865,0.8031460674157304
Bharti airtel limited ,2022-11-10,-0.15922947368421053,0.12314736842105263,0.08432631578947368,0.7925052631578947
Bharti airtel limited ,2022-11-11,-0.10403802816901409,0.1060281690140845,0.08476056338028169,0.8092112676056338
Bharti airtel limited ,2022-11-12,-0.1725882978723404,0.12487234042553191,0.07562765957446808,0.7995106382978723
Bharti airtel limited ,2022-11-13,-0.12064166666666667,0.11488095238095239,0.07323809523809524,0.8119642857142857
Bharti airtel limited ,2022-11-14,-0.0405087912087912,0.10196703296703297,0.08645054945054945,0.8116153846153846
Bharti airtel limited ,2022-11-15,-0.10017738095238095,0.10571428571428572,0.07329761904761904,0.8209761904761905
Bharti airtel limited ,2022-11-16,-0.04243095238095238,0.10892857142857143,0.09717857142857143,0.7939404761904763
Bharti airtel limited ,2022-11-17,-0.07977701149425288,0.10766666666666666,0.09003448275862069,0.8022988505747126
Bharti airtel limited ,2022-11-18,-0.11161279069767441,0.1180813953488372,0.08093023255813954,0.8010232558139535
Bharti airtel limited ,2022-11-19,-0.07260821917808219,0.09087671232876712,0.07135616438356164,0.8377397260273973
Bharti airtel limited ,2022-11-20,-0.1296348623853211,0.1076422018348624,0.08002752293577982,0.8123211009174313
Bharti airtel limited ,2022-11-21,-0.0638107142857143,0.10104761904761904,0.07597619047619047,0.8229642857142858
Bharti airtel limited ,2022-11-22,-0.07750326086956522,0.09822826086956522,0.07446739130434783,0.8273695652173912
Bharti airtel limited ,2022-11-23,-0.028536781609195396,0.11504597701149426,0.10326436781609195,0.7816551724137931
Bharti airtel limited ,2022-11-24,-0.10078631578947368,0.10868421052631579,0.09133684210526315,0.7999473684210526
Bharti airtel limited ,2022-11-25,-0.04868690476190476,0.11385714285714285,0.08220238095238096,0.8039761904761905
Bharti airtel limited ,2022-11-26,-0.027122857142857143,0.12592857142857142,0.1200857142857143,0.7539857142857144
Bharti airtel limited ,2022-11-27,-0.14314578313253012,0.10321686746987951,0.07659036144578313,0.8202048192771084
Bharti airtel limited ,2022-11-28,-0.09514065934065934,0.10112087912087912,0.07548351648351648,0.8234065934065935
Bharti airtel limited ,2022-11-29,0.01832588235294118,0.08672941176470587,0.10681176470588236,0.8064235294117648
Bharti airtel limited ,2022-11-30,-0.08249108910891088,0.1122970297029703,0.0952178217821782,0.7924950495049505
Bharti airtel limited ,2022-12-01,-0.1493550561797753,0.09769662921348315,0.06478651685393258,0.8375168539325842
Bharti airtel limited ,2022-12-02,-0.10035421686746987,0.12632530120481927,0.08267469879518072,0.7910361445783133
Bharti airtel limited ,2022-12-03,-0.1461375,0.11766666666666666,0.089375,0.7929791666666667
Bharti airtel limited ,2022-12-04,-0.09649879518072288,0.11039759036144578,0.07893975903614457,0.8106506024096386
Bharti airtel limited ,2022-12-05,-0.18179021739130433,0.12833695652173913,0.07823913043478262,0.7934239130434783
Bharti airtel limited ,2022-12-06,-0.06181333333333334,0.0985111111111111,0.08271111111111111,0.8187555555555556
Bharti airtel limited ,2022-12-07,-0.08501318681318681,0.10792307692307691,0.08937362637362636,0.8026373626373627
Bharti airtel limited ,2022-12-08,-0.12096571428571427,0.11185714285714286,0.0875857142857143,0.8006
Bharti airtel limited ,2022-12-09,-0.21031098901098902,0.127989010989011,0.07478021978021977,0.7972307692307693
Bharti airtel limited ,2022-12-10,-0.16847731958762888,0.12254639175257732,0.07043298969072165,0.807020618556701
Bharti airtel limited ,2022-12-11,-0.07536612903225806,0.09760483870967741,0.07464516129032259,0.827725806451613
Bharti airtel limited ,2022-12-12,-0.23497474747474748,0.13055555555555556,0.06834343434343434,0.8010303030303031
Bharti airtel limited ,2022-12-13,-0.055383695652173916,0.09232608695652174,0.08709782608695651,0.8205434782608695
Bharti airtel limited ,2022-12-14,-0.052973275862068965,0.09812068965517241,0.08443103448275863,0.8174568965517242
Bharti airtel limited ,2022-12-15,-0.06106559139784945,0.10606451612903227,0.08881720430107527,0.8050860215053764
Bharti airtel limited ,2022-12-16,-0.10252234042553192,0.11619148936170214,0.0856595744680851,0.7981702127659575
Bharti airtel limited ,2022-12-17,-0.15585802469135804,0.11085185185185184,0.07955555555555556,0.8096790123456791
Bharti airtel limited ,2022-12-18,-0.1196578431372549,0.107,0.08090196078431373,0.8121666666666666
Bharti airtel limited ,2022-12-19,-0.2008753086419753,0.11611111111111111,0.06680246913580247,0.8170864197530864
Bharti airtel limited ,2022-12-20,-0.11867927927927927,0.11988288288288289,0.07999099099099098,0.8001171171171172
Bharti airtel limited ,2022-12-21,-0.09975440000000001,0.121568,0.0848,0.793664
Bharti airtel limited ,2022-12-22,-0.13274615384615385,0.11831623931623932,0.08165811965811966,0.7999572649572649
Bharti airtel limited ,2022-12-23,-0.07119,0.10832307692307692,0.08908461538461539,0.8026230769230769
Bharti airtel limited ,2022-12-24,-0.12538181818181818,0.12194545454545454,0.0763,0.8018000000000001
Bharti airtel limited ,2022-12-25,-0.09115625000000001,0.1032625,0.0693625,0.8273625000000001
Bharti airtel limited ,2022-12-26,-0.191255,0.14018333333333333,0.07104166666666667,0.7887666666666667
Bharti airtel limited ,2022-12-27,-0.06398962264150942,0.0941698113207547,0.0819433962264151,0.8238962264150943
Bharti airtel limited ,2022-12-28,-0.14709159663865548,0.12125210084033614,0.07800840336134453,0.8007310924369748
Bharti airtel limited ,2022-12-29,-0.11566946564885497,0.11594656488549618,0.08448854961832061,0.7995725190839694
Bharti airtel limited ,2022-12-30,-0.05724819277108434,0.10431325301204819,0.10161445783132529,0.7940120481927712
Bharti airtel limited ,2022-12-31,-0.045927722772277225,0.1071980198019802,0.09777227722772278,0.795
Bharti airtel limited ,2023-01-01,-0.10450000000000001,0.14046969696969697,0.09375757575757575,0.7658787878787879
Bharti airtel limited ,2023-01-02,-0.11221071428571427,0.11835714285714286,0.08821428571428572,0.7934761904761904
Bharti airtel limited ,2023-01-03,-0.1631141414141414,0.12084848484848486,0.08293939393939394,0.7962626262626262
Bharti airtel limited ,2023-01-04,-0.16210952380952381,0.11977380952380952,0.07327380952380953,0.8069404761904762
Bharti airtel limited ,2023-01-05,-0.0937086956521739,0.1222282608695652,0.08867391304347826,0.7891847826086957
Bharti airtel limited ,2023-01-06,-0.13377232142857143,0.1260625,0.08484821428571429,0.7890982142857144
Verizon Communications,2022-08-01,-0.06703157894736843,0.0931578947368421,0.11563157894736842,0.7912105263157895
Verizon Communications,2022-08-02,0.010116666666666682,0.09491666666666666,0.09008333333333333,0.8150833333333334
Verizon Communications,2022-08-03,0.17307777777777777,0.07144444444444445,0.09755555555555556,0.831
Verizon Communications,2022-08-04,-0.1946625,0.1083125,0.0488125,0.8428125
Verizon Communications,2022-08-05,-0.018090000000000002,0.071,0.0675,0.8615
Verizon Communications,2022-08-06,-0.20624444444444445,0.08311111111111111,0.035444444444444445,0.8814444444444445
Verizon Communications,2022-08-07,0.12911666666666666,0.04883333333333333,0.051166666666666666,0.9001666666666667
Verizon Communications,2022-08-08,-0.17731249999999998,0.07875,0.064125,0.857375
Verizon Communications,2022-08-09,-0.043337499999999994,0.114875,0.0885,0.796625
Verizon Communications,2022-08-10,-0.16496363636363637,0.07263636363636362,0.02045454545454545,0.9069090909090908
Verizon Communications,2022-08-11,-0.013,0.06994444444444443,0.06933333333333333,0.8607222222222223
Verizon Communications,2022-08-12,-0.3092333333333333,0.11683333333333333,0.03275,0.8506666666666667
Verizon Communications,2022-08-13,0.16525,0.107,0.14475,0.74825
Verizon Communications,2022-08-14,-0.27166666666666667,0.065,0.036,0.899
Verizon Communications,2022-08-15,0.03751111111111112,0.06244444444444445,0.10366666666666667,0.8340000000000001
Verizon Communications,2022-08-16,-0.1598,0.10111111111111111,0.034444444444444444,0.8644444444444445
Verizon Communications,2022-08-17,0.02385000000000001,0.08866666666666667,0.11066666666666668,0.8006666666666667
Verizon Communications,2022-08-18,0.047325,0.033749999999999995,0.141375,0.824875
Verizon Communications,2022-08-19,0.1057,0.05544444444444444,0.09522222222222222,0.8493333333333334
Verizon Communications,2022-08-20,0.1173142857142857,0.09614285714285715,0.12442857142857143,0.7794285714285714
Verizon Communications,2022-08-21,-0.2266142857142857,0.12657142857142858,0.054,0.8192857142857143
Verizon Communications,2022-08-22,-0.12026666666666667,0.1525,0.04,0.8076666666666666
Verizon Communications,2022-08-23,0.1109818181818182,0.04072727272727272,0.07863636363636363,0.8806363636363636
Verizon Communications,2022-08-24,-0.159525,0.201,0.0695,0.7295
Verizon Communications,2022-08-25,-0.5467500000000001,0.13624999999999998,0.01025,0.8535
Verizon Communications,2022-08-26,-0.008378571428571426,0.09442857142857143,0.04335714285714286,0.8622857142857142
Verizon Communications,2022-08-27,0.1653,0.0615,0.2045,0.734
Verizon Communications,2022-08-28,-0.0011333333333333195,0.07766666666666668,0.07366666666666667,0.8486666666666668
Verizon Communications,2022-08-29,-0.03691111111111111,0.05477777777777778,0.04122222222222222,0.9042222222222223
Verizon Communications,2022-08-30,0.15190666666666666,0.044000000000000004,0.09973333333333333,0.8562
Verizon Communications,2022-08-31,-0.014399999999999993,0.08285714285714285,0.07971428571428571,0.8371428571428572
Verizon Communications,2022-09-01,-0.06299999999999999,0.08246666666666667,0.07846666666666667,0.8390666666666667
Verizon Communications,2022-09-02,0.12756363636363638,0.08190909090909092,0.08372727272727273,0.8343636363636364
Verizon Communications,2022-09-03,-0.2993866666666667,0.15813333333333332,0.039066666666666666,0.8027333333333334
Verizon Communications,2022-09-04,0.0,0.2253333333333333,0.05566666666666667,0.719
Verizon Communications,2022-09-05,0.026640000000000018,0.1216,0.11880000000000002,0.7596
Verizon Communications,2022-09-06,-0.03688571428571429,0.10178571428571428,0.07271428571428572,0.8255
Verizon Communications,2022-09-07,0.061615384615384614,0.10492307692307691,0.11353846153846153,0.7816153846153846
Verizon Communications,2022-09-08,-0.1823611111111111,0.10822222222222222,0.07388888888888889,0.8178888888888889
Verizon Communications,2022-09-09,-0.07492,0.11019999999999999,0.09340000000000001,0.7963
Verizon Communications,2022-09-10,0.058438461538461536,0.05338461538461538,0.10507692307692308,0.8416153846153847
Verizon Communications,2022-09-11,-0.15830624999999998,0.0944375,0.060375,0.8451875
Verizon Communications,2022-09-12,0.05887999999999999,0.0781,0.0794,0.8423999999999999
Verizon Communications,2022-09-13,-0.26016249999999996,0.1555,0.049125,0.7953749999999999
Verizon Communications,2022-09-14,-0.29152,0.2044,0.0534,0.7423
Verizon Communications,2022-09-15,-0.08382666666666666,0.09086666666666667,0.0612,0.8480000000000001
Verizon Communications,2022-09-16,-0.05981666666666668,0.18533333333333335,0.07583333333333334,0.7388333333333333
Verizon Communications,2022-09-17,-0.1069,0.0752,0.028399999999999998,0.8963999999999999
Verizon Communications,2022-09-18,0.040171428571428566,0.10842857142857143,0.14142857142857143,0.7501428571428572
Verizon Communications,2022-09-19,0.16675,0.053,0.0865,0.8605
Verizon Communications,2022-09-20,-0.3208428571428571,0.13642857142857143,0.04871428571428571,0.8147142857142857
Verizon Communications,2022-09-21,-0.12484545454545454,0.08927272727272727,0.019636363636363636,0.891090909090909
Verizon Communications,2022-09-22,-0.029563636363636372,0.10563636363636363,0.05054545454545455,0.8439090909090908
Verizon Communications,2022-09-23,-0.01793333333333334,0.11333333333333334,0.11266666666666665,0.774
Verizon Communications,2022-09-24,-0.044360000000000024,0.13479999999999998,0.0728,0.7924
Verizon Communications,2022-09-25,-0.35453333333333337,0.107,0.0545,0.8384999999999999
Verizon Communications,2022-09-26,-0.144875,0.10250000000000001,0.07975,0.81775
Verizon Communications,2022-09-27,-0.234475,0.11425,0.015,0.87075
Verizon Communications,2022-09-28,0.42191666666666666,0.044833333333333336,0.11733333333333333,0.8376666666666667
Verizon Communications,2022-09-29,-0.10980000000000001,0.11177777777777778,0.08133333333333333,0.806888888888889
Verizon Communications,2022-09-30,-0.37935,0.166,0.027166666666666662,0.8069999999999999
Verizon Communications,2022-10-01,0.17998888888888886,0.07033333333333333,0.16177777777777777,0.768
Verizon Communications,2022-10-02,0.54255,0.1225,0.203,0.6745
Verizon Communications,2022-10-03,-0.2718555555555555,0.13899999999999998,0.026555555555555554,0.8344444444444444
Verizon Communications,2022-10-04,-0.08715714285714286,0.11421428571428571,0.07392857142857143,0.8118571428571428
Verizon Communications,2022-10-05,-0.03380000000000002,0.03711111111111111,0.02311111111111111,0.9397777777777778
Verizon Communications,2022-10-06,-0.0016100000000000224,0.1186,0.10969999999999999,0.7718
Verizon Communications,2022-10-07,-0.25327142857142854,0.1132857142857143,0.061285714285714284,0.8252857142857143
Verizon Communications,2022-10-08,-0.24853333333333336,0.08577777777777779,0.061777777777777786,0.8523333333333334
Verizon Communications,2022-10-09,0.09508750000000002,0.08124999999999999,0.0645,0.854125
Verizon Communications,2022-10-10,0.08659166666666668,0.09233333333333334,0.10149999999999999,0.80625
Verizon Communications,2022-10-11,-0.19224666666666668,0.0954,0.04446666666666667,0.8600666666666666
Verizon Communications,2022-10-12,-0.17320588235294115,0.14258823529411765,0.06994117647058824,0.7874117647058823
Verizon Communications,2022-10-13,-0.16809444444444446,0.12522222222222223,0.06311111111111112,0.8116666666666666
Verizon Communications,2022-10-14,-0.1429608695652174,0.11069565217391306,0.08069565217391304,0.8085652173913044
Verizon Communications,2022-10-15,-0.18415714285714285,0.13206122448979593,0.06775510204081632,0.8000816326530612
Verizon Communications,2022-10-16,-0.12795303030303032,0.1161969696969697,0.07956060606060607,0.8042878787878788
Verizon Communications,2022-10-17,-0.2546083333333333,0.14680555555555555,0.07441666666666666,0.7787777777777778
Verizon Communications,2022-10-18,-0.16235666666666668,0.12240000000000001,0.0885,0.7890999999999999
Verizon Communications,2022-10-19,-0.26603529411764704,0.1428235294117647,0.04658823529411765,0.8104705882352942
Verizon Communications,2022-10-20,-0.16164545454545454,0.17263636363636364,0.10009090909090909,0.7270909090909091
Verizon Communications,2022-10-21,-0.07095384615384615,0.07046153846153845,0.08046153846153846,0.8490769230769231
Verizon Communications,2022-10-22,-0.03544210526315789,0.09273684210526316,0.0841578947368421,0.8229473684210525
Verizon Communications,2022-10-23,-0.19356666666666666,0.15075000000000002,0.11066666666666668,0.73875
Verizon Communications,2022-10-24,-0.16341176470588237,0.1368235294117647,0.08929411764705883,0.7739411764705882
Verizon Communications,2022-10-25,-0.13502173913043478,0.1304782608695652,0.07921739130434782,0.7903478260869565
Verizon Communications,2022-10-26,-0.30905,0.11614285714285714,0.06414285714285714,0.8197142857142856
Verizon Communications,2022-10-27,-0.1090818181818182,0.09827272727272728,0.05936363636363637,0.8425454545454546
Verizon Communications,2022-10-28,0.22878181818181814,0.08127272727272727,0.16972727272727273,0.7490000000000001
Verizon Communications,2022-10-29,-0.013855555555555546,0.128,0.09644444444444444,0.7754444444444445
Verizon Communications,2022-10-30,-0.6306499999999999,0.246,0.0,0.754
Verizon Communications,2022-10-31,0.31019,0.036699999999999997,0.1279,0.8353999999999999
Verizon Communications,2022-11-01,-0.10575714285714287,0.06399999999999999,0.058,0.8781428571428572
Verizon Communications,2022-11-02,0.1806,0.06944444444444445,0.13555555555555554,0.7946666666666666
Verizon Communications,2022-11-03,-0.21343333333333334,0.06433333333333334,0.018833333333333334,0.9168333333333333
Verizon Communications,2022-11-04,0.10446153846153847,0.092,0.1396153846153846,0.7683846153846153
Verizon Communications,2022-11-05,-0.032185714285714276,0.11657142857142856,0.06571428571428571,0.8177142857142857
Verizon Communications,2022-11-06,-0.21402500000000002,0.1085,0.06775,0.82375
Verizon Communications,2022-11-07,-0.19392857142857142,0.09542857142857143,0.07442857142857143,0.8301428571428572
Verizon Communications,2022-11-08,-0.1964625,0.09987499999999999,0.049125,0.851
Verizon Communications,2022-11-09,0.24519999999999997,0.03225,0.07325000000000001,0.8945000000000001
Verizon Communications,2022-11-10,0.08813333333333334,0.08877777777777777,0.10244444444444445,0.8088888888888889
Verizon Communications,2022-11-11,-0.20866666666666667,0.05483333333333334,0.0065,0.9386666666666666
Verizon Communications,2022-11-12,-0.29264999999999997,0.104,0.075,0.821
Verizon Communications,2022-11-13,-0.3234,0.0685,0.0,0.9315
Verizon Communications,2022-11-14,-0.2787,0.0495,0.0,0.9505
Verizon Communications,2022-11-15,-0.39452,0.1582,0.05,0.7918000000000001
Verizon Communications,2022-11-16,-0.10865000000000002,0.07775,0.05575,0.8665
Verizon Communications,2022-11-17,0.2080666666666667,0.08483333333333333,0.12333333333333334,0.7916666666666666
Verizon Communications,2022-11-18,-0.0698625,0.129125,0.09825,0.77275
Verizon Communications,2022-11-19,0.24362500000000004,0.016,0.0955,0.8885000000000001
Verizon Communications,2022-11-20,0.18105714285714283,0.09042857142857143,0.1285714285714286,0.7808571428571429
Verizon Communications,2022-11-21,0.10450000000000004,0.10966666666666668,0.09466666666666668,0.7956666666666666
Verizon Communications,2022-11-22,-0.29906666666666665,0.15066666666666667,0.06166666666666667,0.7876666666666666
Verizon Communications,2022-11-23,0.28595,0.026,0.0615,0.9125
Verizon Communications,2022-11-24,-0.20142500000000002,0.107,0.04725,0.84575
Verizon Communications,2022-11-25,-0.313575,0.15275,0.0435,0.804
Verizon Communications,2022-11-26,-0.17185,0.057999999999999996,0.02225,0.92
Verizon Communications,2022-11-27,-0.2924,0.0525,0.0,0.9475
Verizon Communications,2022-11-28,0.0957625,0.128,0.14,0.7318749999999999
Verizon Communications,2022-11-29,0.07832500000000002,0.0715,0.11174999999999999,0.8165
Verizon Communications,2022-11-30,-0.31315,0.06783333333333334,0.012333333333333333,0.9199999999999999
Verizon Communications,2022-12-01,-0.15794,0.0858,0.0784,0.8358000000000001
Verizon Communications,2022-12-02,0.07713749999999998,0.064875,0.139,0.796125
Verizon Communications,2022-12-03,-0.42284999999999995,0.15233333333333335,0.008333333333333333,0.8393333333333333
Verizon Communications,2022-12-04,-0.01914,0.07780000000000001,0.0442,0.8779999999999999
Verizon Communications,2022-12-05,-0.3052125,0.09225,0.028749999999999998,0.87875
Verizon Communications,2022-12-06,0.045850000000000016,0.11075,0.11975,0.76925
Verizon Communications,2022-12-07,0.022899999999999993,0.057999999999999996,0.05466666666666667,0.8873333333333333
Verizon Communications,2022-12-08,-0.04824285714285714,0.07085714285714285,0.06357142857142857,0.8655714285714285
Verizon Communications,2022-12-09,0.0,0.056,0.056,0.8875
Verizon Communications,2022-12-10,0.11093333333333333,0.11066666666666668,0.11733333333333333,0.7719999999999999
Verizon Communications,2022-12-11,-0.12737142857142855,0.09671428571428572,0.074,0.8291428571428572
Verizon Communications,2022-12-12,-0.36668571428571434,0.13385714285714287,0.07914285714285715,0.787
Verizon Communications,2022-12-13,-0.3017923076923077,0.09369230769230769,0.018615384615384614,0.8876923076923077
Verizon Communications,2022-12-14,-0.042359999999999995,0.1432,0.0688,0.7876
Verizon Communications,2022-12-15,0.20205714285714288,0.05757142857142857,0.11771428571428573,0.8248571428571428
Verizon Communications,2022-12-16,-0.30477499999999996,0.1125,0.0655,0.82175
Verizon Communications,2022-12-17,0.39225,0.0,0.0705,0.9295
Verizon Communications,2022-12-18,0.09900000000000002,0.109,0.11549999999999999,0.7755
Verizon Communications,2022-12-19,-0.25320000000000004,0.06433333333333334,0.029666666666666664,0.9056666666666667
Verizon Communications,2022-12-20,0.17675,0.027999999999999997,0.10683333333333334,0.8650000000000001
Verizon Communications,2022-12-21,-0.6739,0.08,0.0,0.92
Verizon Communications,2022-12-22,-0.14768333333333336,0.1165,0.09066666666666667,0.7926666666666667
Verizon Communications,2022-12-23,-0.3017666666666667,0.15,0.10166666666666667,0.7483333333333334
Verizon Communications,2022-12-24,-0.056049999999999996,0.11974999999999998,0.10416666666666667,0.7761666666666667
Verizon Communications,2022-12-25,-0.18606666666666669,0.13833333333333334,0.10366666666666667,0.7583333333333333
Verizon Communications,2022-12-26,0.1070857142857143,0.06414285714285714,0.1152857142857143,0.8204285714285715
Verizon Communications,2022-12-27,-0.20695454545454545,0.10845454545454546,0.05781818181818182,0.8337272727272727
Verizon Communications,2022-12-28,0.0,0.0,0.0,1.0
Verizon Communications,2022-12-29,-0.03075999999999999,0.1834,0.0972,0.7196
Verizon Communications,2022-12-30,-0.077475,0.11925,0.044375,0.836125
Verizon Communications,2022-12-31,0.53076,0.0378,0.14479999999999998,0.8173999999999999
Verizon Communications,2023-01-01,-0.43425,0.1935,0.0295,0.7769999999999999
Verizon Communications,2023-01-02,-0.24872499999999997,0.118,0.057,0.82475
Verizon Communications,2023-01-03,0.3901,0.0238,0.11000000000000001,0.866
Verizon Communications,2023-01-04,-0.11901111111111111,0.0961111111111111,0.043222222222222224,0.8606666666666667
Verizon Communications,2023-01-05,-0.40140000000000003,0.1604,0.0818,0.758
Verizon Communications,2023-01-06,-0.11623333333333334,0.04666666666666667,0.009666666666666667,0.9436666666666667
Vodafone Idea,2022-09-17,-0.6967,0.22,0.12,0.6599999999999999
Vodafone Idea,2022-10-07,-0.2035,0.19,0.164,0.646
