Predicted_Sentiment,Future_Date,Company
-0.1141267716884613,2023-01-07,Bharti airtel limited 
-0.1202473863959312,2023-01-08,Bharti airtel limited 
-0.1160775125026702,2023-01-09,Bharti airtel limited 
-0.1109845265746116,2023-01-10,Bharti airtel limited 
-0.1145965531468391,2023-01-11,Bharti airtel limited 
-0.1148014292120933,2023-01-12,Bharti airtel limited 
-0.1140599176287651,2023-01-13,Bharti airtel limited 
-0.113821804523468,2023-01-14,Bharti airtel limited 
-0.1142536401748657,2023-01-15,Bharti airtel limited 
-0.1141861155629158,2023-01-16,Bharti airtel limited 
-0.1140994057059288,2023-01-17,Bharti airtel limited 
-0.114109069108963,2023-01-18,Bharti airtel limited 
-0.1141506657004356,2023-01-19,Bharti airtel limited 
-0.114133596420288,2023-01-20,Bharti airtel limited 
-0.1141266673803329,2023-01-21,Bharti airtel limited 
-0.1141309514641761,2023-01-22,Bharti airtel limited 
-0.1141339614987373,2023-01-23,Bharti airtel limited 
-0.1141313686966896,2023-01-24,Bharti airtel limited 
-0.1141311600804328,2023-01-25,Bharti airtel limited 
-0.114131823182106,2023-01-26,Bharti airtel limited 
-0.1141319200396537,2023-01-27,Bharti airtel limited 
-0.1141316145658493,2023-01-28,Bharti airtel limited 
-0.1141316667199134,2023-01-29,Bharti airtel limited 
-0.1141317412257194,2023-01-30,Bharti airtel limited 
-0.1141317188739776,2023-01-31,Bharti airtel limited 
-0.1141316965222358,2023-02-01,Bharti airtel limited 
-0.114131711423397,2023-02-02,Bharti airtel limited 
-0.114131711423397,2023-02-03,Bharti airtel limited 
-0.114131711423397,2023-02-04,Bharti airtel limited 
-0.1141317039728164,2023-02-05,Bharti airtel limited 
-0.114131711423397,2023-02-06,Bharti airtel limited 
-0.1224455535411834,2023-01-07 00:00:00,Reliance jio
-0.1335748136043548,2023-01-08 00:00:00,Reliance jio
-0.1265879422426223,2023-01-09 00:00:00,Reliance jio
-0.1160138547420501,2023-01-10 00:00:00,Reliance jio
-0.1212069988250732,2023-01-11 00:00:00,Reliance jio
-0.1251691877841949,2023-01-12 00:00:00,Reliance jio
-0.125803917646408,2023-01-13 00:00:00,Reliance jio
-0.123898759484291,2023-01-14 00:00:00,Reliance jio
-0.1234174892306327,2023-01-15 00:00:00,Reliance jio
-0.1240805611014366,2023-01-16 00:00:00,Reliance jio
-0.1245272532105445,2023-01-17 00:00:00,Reliance jio
-0.1244102716445922,2023-01-18 00:00:00,Reliance jio
-0.1241887509822845,2023-01-19 00:00:00,Reliance jio
-0.1241883710026741,2023-01-20 00:00:00,Reliance jio
-0.1242838501930236,2023-01-21 00:00:00,Reliance jio
-0.1243167147040367,2023-01-22 00:00:00,Reliance jio
-0.1242869719862937,2023-01-23 00:00:00,Reliance jio
-0.1242653802037239,2023-01-24 00:00:00,Reliance jio
-0.1242723166942596,2023-01-25 00:00:00,Reliance jio
-0.1242838948965072,2023-01-26 00:00:00,Reliance jio
-0.1242846176028251,2023-01-27 00:00:00,Reliance jio
-0.1242800205945968,2023-01-28 00:00:00,Reliance jio
-0.1242784410715103,2023-01-29 00:00:00,Reliance jio
-0.1242799833416938,2023-01-30 00:00:00,Reliance jio
-0.1242811381816864,2023-01-31 00:00:00,Reliance jio
-0.1242808401584625,2023-02-01 00:00:00,Reliance jio
-0.1242802739143371,2023-02-02 00:00:00,Reliance jio
-0.1242802366614341,2023-02-03 00:00:00,Reliance jio
-0.1242804750800132,2023-02-04 00:00:00,Reliance jio
-0.1242805570363998,2023-02-05 00:00:00,Reliance jio
-0.1242804825305938,2023-02-06 00:00:00,Reliance jio
0.0565655380487442,2023-01-07 00:00:00,Verizon Communications
0.4275976717472076,2023-01-08 00:00:00,Verizon Communications
-0.2676229476928711,2023-01-09 00:00:00,Verizon Communications
-0.0743042826652526,2023-01-10 00:00:00,Verizon Communications
-0.0508334524929523,2023-01-11 00:00:00,Verizon Communications
-0.0181121155619621,2023-01-12 00:00:00,Verizon Communications
-0.2041430175304412,2023-01-13 00:00:00,Verizon Communications
-0.1216985881328582,2023-01-14 00:00:00,Verizon Communications
-0.1630786806344986,2023-01-15 00:00:00,Verizon Communications
-0.0835383385419845,2023-01-16 00:00:00,Verizon Communications
-0.1479071378707885,2023-01-17 00:00:00,Verizon Communications
-0.1178082376718521,2023-01-18 00:00:00,Verizon Communications
-0.1904529631137848,2023-01-19 00:00:00,Verizon Communications
-0.1470741927623748,2023-01-20 00:00:00,Verizon Communications
-0.2004494220018386,2023-01-21 00:00:00,Verizon Communications
-0.1261931210756302,2023-01-22 00:00:00,Verizon Communications
-0.1749216765165329,2023-01-23 00:00:00,Verizon Communications
-0.1004358232021331,2023-01-24 00:00:00,Verizon Communications
-0.1626390963792801,2023-01-25 00:00:00,Verizon Communications
-0.1103731542825698,2023-01-26 00:00:00,Verizon Communications
-0.1859465390443802,2023-01-27 00:00:00,Verizon Communications
-0.1290049403905868,2023-01-28 00:00:00,Verizon Communications
-0.19671630859375,2023-01-29 00:00:00,Verizon Communications
-0.1167495176196098,2023-01-30 00:00:00,Verizon Communications
-0.1819110065698623,2023-01-31 00:00:00,Verizon Communications
-0.0975878611207008,2023-02-01 00:00:00,Verizon Communications
-0.1716205179691314,2023-02-02 00:00:00,Verizon Communications
-0.1008153855800628,2023-02-03 00:00:00,Verizon Communications
-0.1832984983921051,2023-02-04 00:00:00,Verizon Communications
-0.111760027706623,2023-02-05 00:00:00,Verizon Communications
-0.1910394728183746,2023-02-06 00:00:00,Verizon Communications
-0.0302911791950464,2023-01-07 00:00:00,T - Mobile US
-0.0247172527015209,2023-01-08 00:00:00,T - Mobile US
-0.021422179415822,2023-01-09 00:00:00,T - Mobile US
0.0013745799660682,2023-01-10 00:00:00,T - Mobile US
0.0007951580919325,2023-01-11 00:00:00,T - Mobile US
-0.0013227157760411,2023-01-12 00:00:00,T - Mobile US
0.0025827623903751,2023-01-13 00:00:00,T - Mobile US
0.0037664147093892,2023-01-14 00:00:00,T - Mobile US
0.0010401522740721,2023-01-15 00:00:00,T - Mobile US
0.0013259788975119,2023-01-16 00:00:00,T - Mobile US
0.0019061965867877,2023-01-17 00:00:00,T - Mobile US
0.0011694338172674,2023-01-18 00:00:00,T - Mobile US
0.00084332190454,2023-01-19 00:00:00,T - Mobile US
0.0011639292351901,2023-01-20 00:00:00,T - Mobile US
0.0010615075007081,2023-01-21 00:00:00,T - Mobile US
0.0008988296613097,2023-01-22 00:00:00,T - Mobile US
0.0009833122603595,2023-01-23 00:00:00,T - Mobile US
0.0010228678584098,2023-01-24 00:00:00,T - Mobile US
0.0009633973240852,2023-01-25 00:00:00,T - Mobile US
0.0009729363955557,2023-01-26 00:00:00,T - Mobile US
0.001000796444714,2023-01-27 00:00:00,T - Mobile US
0.000988193321973,2023-01-28 00:00:00,T - Mobile US
0.0009817234240472,2023-01-29 00:00:00,T - Mobile US
0.0009920760057866,2023-01-30 00:00:00,T - Mobile US
0.0009916834533214,2023-01-31 00:00:00,T - Mobile US
0.000987293664366,2023-02-01 00:00:00,T - Mobile US
0.0009894398972392,2023-02-02 00:00:00,T - Mobile US
0.0009907744824886,2023-02-03 00:00:00,T - Mobile US
0.0009891712106764,2023-02-04 00:00:00,T - Mobile US
0.0009891679510474,2023-02-05 00:00:00,T - Mobile US
0.0009899185970425,2023-02-06 00:00:00,T - Mobile US
-0.1169581413269043,2023-01-07 00:00:00,Bharti airtel limited 
-0.1221371740102768,2023-01-08 00:00:00,Bharti airtel limited 
-0.11680964380502701,2023-01-09 00:00:00,Bharti airtel limited 
-0.11262538284063339,2023-01-10 00:00:00,Bharti airtel limited 
-0.11786992847919464,2023-01-11 00:00:00,Bharti airtel limited 
-0.11726393550634384,2023-01-12 00:00:00,Bharti airtel limited 
-0.11636289209127426,2023-01-13 00:00:00,Bharti airtel limited 
-0.1164843738079071,2023-01-14 00:00:00,Bharti airtel limited 
-0.11704886704683304,2023-01-15 00:00:00,Bharti airtel limited 
-0.116745725274086,2023-01-16 00:00:00,Bharti airtel limited 
-0.1166960597038269,2023-01-17 00:00:00,Bharti airtel limited 
-0.11677081137895584,2023-01-18 00:00:00,Bharti airtel limited 
-0.11679797619581223,2023-01-19 00:00:00,Bharti airtel limited 
-0.11674769222736359,2023-01-20 00:00:00,Bharti airtel limited 
-0.11675909161567688,2023-01-21 00:00:00,Bharti airtel limited 
-0.11676891148090363,2023-01-22 00:00:00,Bharti airtel limited 
-0.11676567047834396,2023-01-23 00:00:00,Bharti airtel limited 
-0.11676094681024551,2023-01-24 00:00:00,Bharti airtel limited 
-0.1167643815279007,2023-01-25 00:00:00,Bharti airtel limited 
-0.1167646124958992,2023-01-26 00:00:00,Bharti airtel limited 
-0.11676370352506638,2023-01-27 00:00:00,Bharti airtel limited 
-0.11676360666751862,2023-01-28 00:00:00,Bharti airtel limited 
-0.11676409840583801,2023-01-29 00:00:00,Bharti airtel limited 
-0.11676393449306488,2023-01-30 00:00:00,Bharti airtel limited 
-0.11676384508609772,2023-01-31 00:00:00,Bharti airtel limited 
-0.1167638972401619,2023-02-01 00:00:00,Bharti airtel limited 
-0.11676393449306488,2023-02-02 00:00:00,Bharti airtel limited 
-0.1167638972401619,2023-02-03 00:00:00,Bharti airtel limited 
-0.1167638972401619,2023-02-04 00:00:00,Bharti airtel limited 
-0.11676390469074249,2023-02-05 00:00:00,Bharti airtel limited 
-0.11676390469074249,2023-02-06 00:00:00,Bharti airtel limited 
